time,open,high,low,close,tick_volume,spread
2026-01-12 02:00:00,1.27,1.27619,1.26858,1.27,855,0.000176
2026-01-12 06:00:00,1.27,1.27133,1.26581,1.26964,841,0.000168
2026-01-12 10:00:00,1.26964,1.27102,1.26217,1.26701,1220,0.000177
2026-01-12 14:00:00,1.26701,1.2701,1.257,1.25964,708,0.000176
2026-01-12 18:00:00,1.25964,1.2615,1.24533,1.24718,1212,0.000173
2026-01-12 22:00:00,1.24718,1.25019,1.24421,1.2468,1384,0.000173
2026-01-13 02:00:00,1.2468,1.24839,1.23731,1.24087,1475,0.000164
2026-01-13 06:00:00,1.24087,1.24453,1.23376,1.2359,1175,0.000163
2026-01-13 10:00:00,1.2359,1.23651,1.22703,1.22938,1145,0.000176
2026-01-13 14:00:00,1.22938,1.23339,1.22174,1.22311,1155,0.000165
2026-01-13 18:00:00,1.22311,1.2254,1.21576,1.21863,1240,0.000167
2026-01-13 22:00:00,1.21863,1.2205,1.20742,1.21017,545,0.000162
2026-01-14 02:00:00,1.21017,1.21784,1.20772,1.21593,1395,0.000195
2026-01-14 06:00:00,1.21593,1.21917,1.20755,1.21384,863,0.000175
2026-01-14 10:00:00,1.21384,1.21605,1.21167,1.2128,1123,0.000187
2026-01-14 14:00:00,1.2128,1.21661,1.20445,1.20709,769,0.000161
2026-01-14 18:00:00,1.20709,1.21078,1.19603,1.19937,1690,0.000154
2026-01-14 22:00:00,1.19937,1.20048,1.18874,1.19132,1456,0.000186
2026-01-15 02:00:00,1.19132,1.19233,1.18184,1.18669,1341,0.000184
2026-01-15 06:00:00,1.18669,1.18817,1.17623,1.18103,919,0.000158
2026-01-15 10:00:00,1.18103,1.18493,1.17767,1.18329,1325,0.000167
2026-01-15 14:00:00,1.18329,1.18722,1.1759,1.1774,1449,0.00019
2026-01-15 18:00:00,1.1774,1.17906,1.16805,1.17162,1292,0.000192
2026-01-15 22:00:00,1.17162,1.17764,1.16735,1.17151,1095,0.000187
2026-01-16 02:00:00,1.17151,1.17446,1.1587,1.16043,2007,0.000179
2026-01-16 06:00:00,1.16043,1.16318,1.15361,1.15577,1346,0.000157
2026-01-16 10:00:00,1.15577,1.15812,1.15153,1.15467,859,0.000158
2026-01-16 14:00:00,1.15467,1.15785,1.15303,1.15378,1706,0.000188
2026-01-16 18:00:00,1.15378,1.16076,1.15002,1.15872,1324,0.000177
2026-01-16 22:00:00,1.15872,1.16277,1.15562,1.15799,647,0.000171
2026-01-17 02:00:00,1.15799,1.16029,1.15195,1.15447,1247,0.000166
2026-01-17 06:00:00,1.15447,1.15645,1.15091,1.15317,582,0.00018
2026-01-17 10:00:00,1.15317,1.15366,1.15129,1.15152,1274,0.000192
2026-01-17 14:00:00,1.15152,1.15173,1.14342,1.1437,1237,0.000173
2026-01-17 18:00:00,1.1437,1.1446,1.1374,1.14027,1191,0.000193
2026-01-17 22:00:00,1.14027,1.14527,1.12836,1.13185,1172,0.000157
2026-01-18 02:00:00,1.13185,1.13709,1.12824,1.1292,1322,0.000191
2026-01-18 06:00:00,1.1292,1.13341,1.11846,1.12097,893,0.00018
2026-01-18 10:00:00,1.12097,1.12445,1.11786,1.12283,1467,0.000165
2026-01-18 14:00:00,1.12283,1.13045,1.12056,1.12795,1875,0.000188
2026-01-18 18:00:00,1.12795,1.13056,1.12324,1.12525,1596,0.000175
2026-01-18 22:00:00,1.12525,1.12771,1.11625,1.1202,1338,0.000194
2026-01-19 02:00:00,1.1202,1.12698,1.11436,1.12465,1170,0.000171
2026-01-19 06:00:00,1.12465,1.12905,1.11711,1.12087,972,0.000194
2026-01-19 10:00:00,1.12087,1.12228,1.11922,1.12153,1703,0.000171
2026-01-19 14:00:00,1.12153,1.12386,1.11465,1.11699,1372,0.000165
2026-01-19 18:00:00,1.11699,1.11942,1.11479,1.11681,758,0.000188
2026-01-19 22:00:00,1.11681,1.11963,1.11199,1.11386,1509,0.000179
2026-01-20 02:00:00,1.11386,1.11685,1.10873,1.11171,737,0.000173
2026-01-20 06:00:00,1.11171,1.11191,1.10041,1.10294,876,0.000152
2026-01-20 10:00:00,1.10294,1.10326,1.09393,1.09581,1294,0.000187
2026-01-20 14:00:00,1.09581,1.09772,1.09077,1.09341,874,0.000163
2026-01-20 18:00:00,1.09341,1.09347,1.08337,1.08852,1209,0.000157
2026-01-20 22:00:00,1.08852,1.09789,1.08695,1.09626,1043,0.000158
2026-01-21 02:00:00,1.09626,1.09926,1.09113,1.09518,1589,0.000171
2026-01-21 06:00:00,1.09518,1.09838,1.08836,1.0917,1415,0.000177
2026-01-21 10:00:00,1.0917,1.09787,1.08354,1.08617,1435,0.000178
2026-01-21 14:00:00,1.08617,1.08931,1.08305,1.0839,1514,0.000169
2026-01-21 18:00:00,1.0839,1.08635,1.0771,1.07812,921,0.000173
2026-01-21 22:00:00,1.07812,1.08,1.06161,1.06541,1512,0.000163
2026-01-22 02:00:00,1.06541,1.06693,1.05972,1.06222,1534,0.000183
2026-01-22 06:00:00,1.06222,1.06468,1.05198,1.05419,1804,0.000184
2026-01-22 10:00:00,1.05419,1.05644,1.0508,1.05306,810,0.00018
2026-01-22 14:00:00,1.05306,1.0579,1.04908,1.05043,1230,0.000169
2026-01-22 18:00:00,1.05043,1.05089,1.04679,1.0493,935,0.000164
2026-01-22 22:00:00,1.0493,1.05215,1.04572,1.04764,1031,0.000158
2026-01-23 02:00:00,1.04764,1.05019,1.04422,1.04553,1138,0.000184
2026-01-23 06:00:00,1.04553,1.04949,1.0433,1.04818,1354,0.000167
2026-01-23 10:00:00,1.04818,1.05186,1.04664,1.04953,1329,0.000165
2026-01-23 14:00:00,1.04953,1.0497,1.03892,1.04031,1276,0.000162
2026-01-23 18:00:00,1.04031,1.04251,1.03991,1.03991,1518,0.000191
2026-01-23 22:00:00,1.03991,1.04294,1.03731,1.04038,892,0.000163
2026-01-24 02:00:00,1.04038,1.04291,1.03671,1.03832,1493,0.000158
2026-01-24 06:00:00,1.03832,1.04738,1.03776,1.04566,1571,0.000171
2026-01-24 10:00:00,1.04566,1.04871,1.04133,1.04359,1381,0.00017
2026-01-24 14:00:00,1.04359,1.04575,1.03798,1.03834,1150,0.000166
2026-01-24 18:00:00,1.03834,1.04279,1.03287,1.03426,1355,0.000172
2026-01-24 22:00:00,1.03426,1.0349,1.02605,1.02906,1538,0.000193
2026-01-25 02:00:00,1.02906,1.03155,1.02485,1.02846,1009,0.000159
2026-01-25 06:00:00,1.02846,1.03318,1.01639,1.01775,1083,0.000162
2026-01-25 10:00:00,1.01775,1.01967,1.01169,1.01338,946,0.000183
2026-01-25 14:00:00,1.01338,1.01477,1.00563,1.01157,1501,0.000187
2026-01-25 18:00:00,1.01157,1.01414,1.00898,1.0121,1072,0.000162
2026-01-25 22:00:00,1.0121,1.01496,1.00845,1.01406,979,0.000171
2026-01-26 02:00:00,1.01406,1.01524,1.01214,1.01482,918,0.000161
2026-01-26 06:00:00,1.01482,1.01826,1.00473,1.01008,1233,0.000172
2026-01-26 10:00:00,1.01008,1.01282,1.00064,1.00742,868,0.000189
2026-01-26 14:00:00,1.00742,1.01915,1.0035,1.01571,1377,0.000157
2026-01-26 18:00:00,1.01571,1.01718,1.00496,1.01099,926,0.000194
2026-01-26 22:00:00,1.01099,1.01522,1.00478,1.00735,913,0.000175
2026-01-27 02:00:00,1.00735,1.0102,1.0042,1.00793,1220,0.000185
2026-01-27 06:00:00,1.00793,1.01029,0.99908,1.00244,1406,0.000181
2026-01-27 10:00:00,1.00244,1.00521,0.99468,0.99735,937,0.000159
2026-01-27 14:00:00,0.99735,0.99904,0.98901,0.98979,1373,0.000178
2026-01-27 18:00:00,0.98979,0.9925,0.98052,0.98375,1022,0.000179
2026-01-27 22:00:00,0.98375,0.98652,0.96953,0.97362,1208,0.000172
2026-01-28 02:00:00,0.97362,0.97594,0.96144,0.96336,1714,0.000187
2026-01-28 06:00:00,0.96336,0.97206,0.96324,0.96908,849,0.000167
2026-01-28 10:00:00,0.96908,0.97167,0.96436,0.96478,898,0.000151
2026-01-28 14:00:00,0.96478,0.9681,0.96184,0.96402,1357,0.00016
2026-01-28 18:00:00,0.96402,0.96903,0.96275,0.9652,1047,0.000152
2026-01-28 22:00:00,0.9652,0.96891,0.96486,0.96537,794,0.000189
2026-01-29 02:00:00,0.96537,0.96762,0.96033,0.96455,1671,0.000192
2026-01-29 06:00:00,0.96455,0.96765,0.95715,0.95777,1204,0.000193
2026-01-29 10:00:00,0.95777,0.96863,0.95568,0.96686,675,0.000188
2026-01-29 14:00:00,0.96686,0.969,0.96622,0.96643,1365,0.000171
2026-01-29 18:00:00,0.96643,0.96739,0.95331,0.95693,1106,0.000165
2026-01-29 22:00:00,0.95693,0.95868,0.94892,0.94917,1066,0.000186
2026-01-30 02:00:00,0.94917,0.95256,0.94294,0.94639,1346,0.000161
2026-01-30 06:00:00,0.94639,0.95187,0.94422,0.94791,1530,0.000183
2026-01-30 10:00:00,0.94791,0.9483,0.94631,0.94813,1914,0.000166
2026-01-30 14:00:00,0.94813,0.95175,0.93784,0.94007,1386,0.000172
2026-01-30 18:00:00,0.94007,0.94151,0.92396,0.92846,1320,0.000182
2026-01-30 22:00:00,0.92846,0.9335,0.92538,0.9313,917,0.000185
2026-01-31 02:00:00,0.9313,0.9334,0.92987,0.93008,726,0.000162
2026-01-31 06:00:00,0.93008,0.93415,0.92706,0.93133,1131,0.000162
2026-01-31 10:00:00,0.93133,0.93658,0.92802,0.93487,266,0.000175
2026-01-31 14:00:00,0.93487,0.94217,0.934,0.9391,695,0.000176
2026-01-31 18:00:00,0.9391,0.94427,0.92694,0.92934,1454,0.000189
2026-01-31 22:00:00,0.92934,0.93493,0.92199,0.92287,1115,0.000177
2026-02-01 02:00:00,0.92287,0.92508,0.90827,0.91242,1223,0.000161
2026-02-01 06:00:00,0.91242,0.91507,0.9063,0.91041,1208,0.000176
2026-02-01 10:00:00,0.91041,0.91426,0.90291,0.90314,1559,0.000177
2026-02-01 14:00:00,0.90314,0.9129,0.90249,0.90918,1071,0.00016
2026-02-01 18:00:00,0.90918,0.91114,0.90687,0.90756,1567,0.000185
2026-02-01 22:00:00,0.90756,0.90973,0.89583,0.89861,978,0.000152
2026-02-02 02:00:00,0.89861,0.90054,0.88815,0.89148,770,0.000171
2026-02-02 06:00:00,0.89148,0.89259,0.88655,0.88902,1802,0.000159
2026-02-02 10:00:00,0.88902,0.89338,0.87652,0.8797,1074,0.000169
2026-02-02 14:00:00,0.8797,0.88065,0.8762,0.88042,1005,0.000154
2026-02-02 18:00:00,0.88042,0.89032,0.87933,0.88793,1189,0.000185
2026-02-02 22:00:00,0.88793,0.88821,0.87637,0.88281,1589,0.000194
2026-02-03 02:00:00,0.88281,0.88574,0.87993,0.88397,1223,0.000159
2026-02-03 06:00:00,0.88397,0.88401,0.87813,0.88353,1477,0.000152
2026-02-03 10:00:00,0.88353,0.88363,0.87506,0.87735,1418,0.000182
2026-02-03 14:00:00,0.87735,0.88332,0.87592,0.88073,1179,0.000195
2026-02-03 18:00:00,0.88073,0.88229,0.87895,0.87909,1762,0.000174
2026-02-03 22:00:00,0.87909,0.88371,0.87508,0.87879,1269,0.000163
2026-02-04 02:00:00,0.87879,0.88231,0.87546,0.87984,1217,0.000157
2026-02-04 06:00:00,0.87984,0.88121,0.8765,0.87915,1009,0.000155
2026-02-04 10:00:00,0.87915,0.88171,0.87387,0.87497,1168,0.000193
2026-02-04 14:00:00,0.87497,0.8778,0.87193,0.87234,1120,0.000153
2026-02-04 18:00:00,0.87234,0.88195,0.87072,0.87837,600,0.000169
2026-02-04 22:00:00,0.87837,0.8809,0.87534,0.87701,1389,0.000166
2026-02-05 02:00:00,0.87701,0.88068,0.8683,0.87203,1394,0.000182
2026-02-05 06:00:00,0.87203,0.8814,0.86983,0.87804,1141,0.000189
2026-02-05 10:00:00,0.87804,0.88258,0.87386,0.87749,1105,0.00016
2026-02-05 14:00:00,0.87749,0.87918,0.87264,0.87563,1152,0.000156
2026-02-05 18:00:00,0.87563,0.87893,0.87106,0.87344,1468,0.000183
2026-02-05 22:00:00,0.87344,0.87719,0.86815,0.87149,1013,0.000168
2026-02-06 02:00:00,0.87149,0.87496,0.86517,0.86798,1176,0.000194
2026-02-06 06:00:00,0.86798,0.88033,0.86761,0.87563,1104,0.000183
2026-02-06 10:00:00,0.87563,0.88406,0.87468,0.88293,1405,0.00018
2026-02-06 14:00:00,0.88293,0.88729,0.87739,0.87837,1510,0.000157
2026-02-06 18:00:00,0.87837,0.8794,0.87783,0.8793,1668,0.000154
2026-02-06 22:00:00,0.8793,0.88229,0.8762,0.87646,892,0.000172
2026-02-07 02:00:00,0.87646,0.88177,0.87233,0.88148,1069,0.000178
2026-02-07 06:00:00,0.88148,0.89189,0.88057,0.88976,1340,0.000176
2026-02-07 10:00:00,0.88976,0.89834,0.88494,0.89609,1238,0.000157
2026-02-07 14:00:00,0.89609,0.90167,0.89371,0.89873,1022,0.000178
2026-02-07 18:00:00,0.89873,0.90137,0.89743,0.90051,1244,0.000163
2026-02-07 22:00:00,0.90051,0.91395,0.89849,0.90943,918,0.00015
2026-02-08 02:00:00,0.90943,0.91416,0.90482,0.91248,1265,0.000191
2026-02-08 06:00:00,0.91248,0.9174,0.90939,0.91545,1347,0.00019
2026-02-08 10:00:00,0.91545,0.92279,0.91341,0.92026,1736,0.000157
2026-02-08 14:00:00,0.92026,0.92828,0.91698,0.92618,1274,0.000184
2026-02-08 18:00:00,0.92618,0.9279,0.92462,0.92751,1184,0.000195
2026-02-08 22:00:00,0.92751,0.93569,0.9252,0.9326,1270,0.000175
2026-02-09 02:00:00,0.9326,0.93514,0.92103,0.92376,1724,0.000166
2026-02-09 06:00:00,0.92376,0.92961,0.91959,0.92677,954,0.000188
2026-02-09 10:00:00,0.92677,0.93923,0.92326,0.93774,1242,0.000193
2026-02-09 14:00:00,0.93774,0.9461,0.93445,0.94102,1429,0.000178
2026-02-09 18:00:00,0.94102,0.94552,0.93755,0.94255,845,0.000156
2026-02-09 22:00:00,0.94255,0.94922,0.9404,0.94544,1817,0.000166
2026-02-10 02:00:00,0.94544,0.94546,0.93489,0.94068,1106,0.000189
2026-02-10 06:00:00,0.94068,0.9424,0.93163,0.93408,1704,0.000181
2026-02-10 10:00:00,0.93408,0.93903,0.92712,0.93159,890,0.000165
2026-02-10 14:00:00,0.93159,0.95085,0.93111,0.947,1349,0.000162
2026-02-10 18:00:00,0.947,0.96042,0.9419,0.95542,1656,0.000169
2026-02-10 22:00:00,0.95542,0.96206,0.95407,0.95995,1111,0.000172
2026-02-11 02:00:00,0.95995,0.96751,0.95619,0.96527,1221,0.000151
2026-02-11 06:00:00,0.96527,0.96764,0.95914,0.96239,935,0.000195
2026-02-11 10:00:00,0.96239,0.9729,0.95939,0.97267,311,0.000154
2026-02-11 14:00:00,0.97267,0.97581,0.97037,0.97326,720,0.000159
2026-02-11 18:00:00,0.97326,0.98019,0.97117,0.97662,1425,0.000177
2026-02-11 22:00:00,0.97662,0.98147,0.97027,0.97959,1240,0.000159
2026-02-12 02:00:00,0.97959,0.98056,0.97336,0.9746,1111,0.000167
2026-02-12 06:00:00,0.9746,0.97717,0.9672,0.97032,1090,0.000175
2026-02-12 10:00:00,0.97032,0.97965,0.96831,0.97585,1192,0.000195
2026-02-12 14:00:00,0.97585,0.9791,0.97398,0.97754,1049,0.00016
2026-02-12 18:00:00,0.97754,0.98316,0.97632,0.97961,641,0.000168
2026-02-12 22:00:00,0.97961,0.986,0.97894,0.98531,1196,0.000182
2026-02-13 02:00:00,0.98531,0.98984,0.9828,0.98688,1272,0.000158
2026-02-13 06:00:00,0.98688,0.98931,0.98462,0.98691,1356,0.000177
2026-02-13 10:00:00,0.98691,0.99645,0.98202,0.99304,1289,0.000195
2026-02-13 14:00:00,0.99304,0.99835,0.98896,0.99585,1622,0.00016
2026-02-13 18:00:00,0.99585,0.99908,0.99287,0.99707,369,0.000186
2026-02-13 22:00:00,0.99707,1.00581,0.9952,1.00254,1345,0.000179
2026-02-14 02:00:00,1.00254,1.00622,0.9944,0.9957,1176,0.000163
2026-02-14 06:00:00,0.9957,0.99704,0.98955,0.99228,946,0.000176
2026-02-14 10:00:00,0.99228,0.99765,0.98594,0.99021,1047,0.00017
2026-02-14 14:00:00,0.99021,0.99732,0.98857,0.99562,1311,0.000184
2026-02-14 18:00:00,0.99562,1.00698,0.99374,1.00564,1629,0.000165
2026-02-14 22:00:00,1.00564,1.00976,0.99651,0.99961,1272,0.000166
2026-02-15 02:00:00,0.99961,1.00425,0.99742,1.00171,771,0.000158
2026-02-15 06:00:00,1.00171,1.0103,0.99925,1.00607,1247,0.000154
2026-02-15 10:00:00,1.00607,1.01332,1.00203,1.00999,1163,0.00017
2026-02-15 14:00:00,1.00999,1.01017,1.00452,1.00677,1346,0.000175
2026-02-15 18:00:00,1.00677,1.01536,1.00505,1.01398,1368,0.00018
2026-02-15 22:00:00,1.01398,1.01676,1.00961,1.0155,967,0.000165
2026-02-16 02:00:00,1.0155,1.01648,1.01198,1.01455,1162,0.000157
2026-02-16 06:00:00,1.01455,1.01697,1.01069,1.01267,1226,0.00016
2026-02-16 10:00:00,1.01267,1.02034,1.01183,1.01838,1068,0.000161
2026-02-16 14:00:00,1.01838,1.02755,1.01637,1.02254,1000,0.00019
2026-02-16 18:00:00,1.02254,1.02908,1.01903,1.02179,1708,0.000174
2026-02-16 22:00:00,1.02179,1.02641,1.02176,1.02396,1307,0.000177
2026-02-17 02:00:00,1.02396,1.0306,1.01851,1.02946,1173,0.000187
2026-02-17 06:00:00,1.02946,1.03788,1.02699,1.03649,1504,0.00016
2026-02-17 10:00:00,1.03649,1.03761,1.03257,1.03544,1737,0.000183
2026-02-17 14:00:00,1.03544,1.03765,1.03271,1.03505,1420,0.000151
2026-02-17 18:00:00,1.03505,1.04624,1.03176,1.0424,1222,0.000166
2026-02-17 22:00:00,1.0424,1.04794,1.04084,1.04758,1133,0.000165
2026-02-18 02:00:00,1.04758,1.04898,1.04441,1.04837,1542,0.000172
2026-02-18 06:00:00,1.04837,1.05184,1.04641,1.05043,1552,0.000193
2026-02-18 10:00:00,1.05043,1.05566,1.04965,1.05258,1635,0.000164
2026-02-18 14:00:00,1.05258,1.05579,1.04672,1.04954,655,0.00018
2026-02-18 18:00:00,1.04954,1.05164,1.0465,1.05126,866,0.000182
2026-02-18 22:00:00,1.05126,1.05752,1.04853,1.05548,1601,0.000172
2026-02-19 02:00:00,1.05548,1.06052,1.05357,1.05941,1702,0.000158
2026-02-19 06:00:00,1.05941,1.05991,1.05173,1.05329,756,0.000165
2026-02-19 10:00:00,1.05329,1.06685,1.05083,1.06419,1069,0.000181
2026-02-19 14:00:00,1.06419,1.06624,1.04914,1.0518,994,0.000177
2026-02-19 18:00:00,1.0518,1.06373,1.0497,1.06185,1587,0.000171
2026-02-19 22:00:00,1.06185,1.06384,1.05601,1.05854,984,0.000192
2026-02-20 02:00:00,1.05854,1.06368,1.05727,1.05951,1087,0.000156
2026-02-20 06:00:00,1.05951,1.06203,1.05665,1.06049,841,0.000156
2026-02-20 10:00:00,1.06049,1.06377,1.05842,1.05913,1259,0.000176
2026-02-20 14:00:00,1.05913,1.06231,1.05555,1.05823,1327,0.000187
2026-02-20 18:00:00,1.05823,1.0606,1.04768,1.05445,1697,0.000178
2026-02-20 22:00:00,1.05445,1.06024,1.05211,1.05785,1278,0.000171
2026-02-21 02:00:00,1.05785,1.06699,1.05447,1.05999,1549,0.00019
2026-02-21 06:00:00,1.05999,1.06454,1.05505,1.05828,1415,0.000164
2026-02-21 10:00:00,1.05828,1.06327,1.05552,1.06129,1221,0.000185
2026-02-21 14:00:00,1.06129,1.06968,1.06101,1.06435,1416,0.000192
2026-02-21 18:00:00,1.06435,1.07131,1.06373,1.06764,907,0.000185
2026-02-21 22:00:00,1.06764,1.0714,1.0616,1.06584,1378,0.000168
2026-02-22 02:00:00,1.06584,1.07024,1.06516,1.06799,1065,0.000151
2026-02-22 06:00:00,1.06799,1.07505,1.06521,1.07106,890,0.000166
2026-02-22 10:00:00,1.07106,1.08748,1.07044,1.08156,1475,0.000194
2026-02-22 14:00:00,1.08156,1.08434,1.07962,1.08117,1467,0.00018
2026-02-22 18:00:00,1.08117,1.08741,1.07905,1.08534,1305,0.00017
2026-02-22 22:00:00,1.08534,1.08873,1.08245,1.08372,898,0.000169
2026-02-23 02:00:00,1.08372,1.09051,1.08117,1.08573,1079,0.000194
2026-02-23 06:00:00,1.08573,1.0923,1.08113,1.0904,1247,0.000192
2026-02-23 10:00:00,1.0904,1.09496,1.08764,1.09082,1272,0.000179
2026-02-23 14:00:00,1.09082,1.09436,1.08643,1.09242,822,0.000152
2026-02-23 18:00:00,1.09242,1.09719,1.08821,1.09295,1235,0.000179
2026-02-23 22:00:00,1.09295,1.09551,1.08746,1.09127,1071,0.000186
2026-02-24 02:00:00,1.09127,1.09621,1.08844,1.0901,1482,0.00017
2026-02-24 06:00:00,1.0901,1.09317,1.08538,1.08769,1060,0.000188
2026-02-24 10:00:00,1.08769,1.09454,1.08564,1.09298,1025,0.000191
2026-02-24 14:00:00,1.09298,1.09806,1.09043,1.09237,934,0.000166
2026-02-24 18:00:00,1.09237,1.10157,1.09123,1.09907,1584,0.000169
2026-02-24 22:00:00,1.09907,1.10298,1.09103,1.09426,1720,0.000165
2026-02-25 02:00:00,1.09426,1.10151,1.08963,1.09796,1680,0.000168
2026-02-25 06:00:00,1.09796,1.10374,1.09604,1.10113,1514,0.000158
2026-02-25 10:00:00,1.10113,1.10282,1.09704,1.09711,1236,0.000167
2026-02-25 14:00:00,1.09711,1.09974,1.0916,1.09288,1221,0.000159
2026-02-25 18:00:00,1.09288,1.10432,1.09032,1.10151,965,0.000151
2026-02-25 22:00:00,1.10151,1.11435,1.0971,1.11125,845,0.000163
2026-02-26 02:00:00,1.11125,1.12817,1.10939,1.12319,2042,0.000152
2026-02-26 06:00:00,1.12319,1.12488,1.1216,1.12302,1061,0.000166
2026-02-26 10:00:00,1.12302,1.13319,1.12149,1.13071,808,0.000166
2026-02-26 14:00:00,1.13071,1.13831,1.12653,1.13456,554,0.000188
2026-02-26 18:00:00,1.13456,1.13809,1.13103,1.13619,1533,0.000178
2026-02-26 22:00:00,1.13619,1.13947,1.13121,1.13256,1376,0.000161
2026-02-27 02:00:00,1.13256,1.13743,1.13241,1.13363,875,0.000193
2026-02-27 06:00:00,1.13363,1.13749,1.1315,1.13531,1389,0.000173
2026-02-27 10:00:00,1.13531,1.14241,1.13497,1.13914,1082,0.000159
2026-02-27 14:00:00,1.13914,1.14156,1.13525,1.1386,1101,0.000173
2026-02-27 18:00:00,1.1386,1.14817,1.13741,1.14293,1724,0.000194
2026-02-27 22:00:00,1.14293,1.14633,1.13402,1.13613,1422,0.000172
2026-02-28 02:00:00,1.13613,1.14774,1.13286,1.14519,1132,0.000155
2026-02-28 06:00:00,1.14519,1.15034,1.14016,1.14623,1151,0.000194
2026-02-28 10:00:00,1.14623,1.15654,1.14124,1.15364,1212,0.000169
2026-02-28 14:00:00,1.15364,1.16067,1.15289,1.15846,1165,0.000154
2026-02-28 18:00:00,1.15846,1.16302,1.15632,1.16251,973,0.000171
2026-02-28 22:00:00,1.16251,1.16917,1.16178,1.16505,1484,0.000174
2026-03-01 02:00:00,1.16505,1.17517,1.16428,1.17231,1221,0.000175
2026-03-01 06:00:00,1.17231,1.17277,1.16742,1.1703,1718,0.000172
2026-03-01 10:00:00,1.1703,1.17413,1.16872,1.17099,1330,0.000195
2026-03-01 14:00:00,1.17099,1.17291,1.16903,1.17274,1475,0.000181
2026-03-01 18:00:00,1.17274,1.17501,1.17028,1.17389,1011,0.000165
2026-03-01 22:00:00,1.17389,1.17547,1.1734,1.17414,1136,0.000164
2026-03-02 02:00:00,1.17414,1.17838,1.17278,1.17532,1148,0.000192
2026-03-02 06:00:00,1.17532,1.17592,1.16949,1.17157,1445,0.000158
2026-03-02 10:00:00,1.17157,1.17532,1.17014,1.17493,1307,0.000182
2026-03-02 14:00:00,1.17493,1.18441,1.17164,1.18182,1531,0.000151
2026-03-02 18:00:00,1.18182,1.18634,1.17786,1.18046,853,0.000168
2026-03-02 22:00:00,1.18046,1.18452,1.17773,1.18177,1447,0.00019
2026-03-03 02:00:00,1.18177,1.18891,1.17834,1.18827,729,0.000179
2026-03-03 06:00:00,1.18827,1.19167,1.18548,1.18932,1033,0.000165
2026-03-03 10:00:00,1.18932,1.20119,1.18429,1.1983,1730,0.000179
2026-03-03 14:00:00,1.1983,1.20157,1.19366,1.1941,545,0.000158
2026-03-03 18:00:00,1.1941,1.20012,1.18919,1.19713,971,0.000174
2026-03-03 22:00:00,1.19713,1.20067,1.19689,1.19778,682,0.00019
2026-03-04 02:00:00,1.19778,1.20114,1.19172,1.19619,625,0.000167
2026-03-04 06:00:00,1.19619,1.20267,1.19305,1.20032,1417,0.000191
2026-03-04 10:00:00,1.20032,1.20283,1.1961,1.19682,674,0.000157
2026-03-04 14:00:00,1.19682,1.20281,1.1932,1.1993,907,0.000185
2026-03-04 18:00:00,1.1993,1.20006,1.19063,1.19231,1083,0.00018
2026-03-04 22:00:00,1.19231,1.19292,1.18343,1.18716,945,0.000152
2026-03-05 02:00:00,1.18716,1.18936,1.1867,1.18789,767,0.00017
2026-03-05 06:00:00,1.18789,1.19097,1.1847,1.18806,1268,0.000188
2026-03-05 10:00:00,1.18806,1.191,1.1862,1.18927,1442,0.000157
2026-03-05 14:00:00,1.18927,1.19226,1.18711,1.19096,1152,0.000158
2026-03-05 18:00:00,1.19096,1.19365,1.18925,1.18933,1483,0.000156
2026-03-05 22:00:00,1.18933,1.1993,1.18768,1.19466,1593,0.000163
2026-03-06 02:00:00,1.19466,1.19468,1.19192,1.19446,1208,0.000169
2026-03-06 06:00:00,1.19446,1.19772,1.18713,1.18917,1063,0.000154
2026-03-06 10:00:00,1.18917,1.1928,1.18123,1.18349,1539,0.000172
2026-03-06 14:00:00,1.18349,1.18713,1.17286,1.17444,808,0.000161
2026-03-06 18:00:00,1.17444,1.17707,1.16358,1.16366,1158,0.000185
2026-03-06 22:00:00,1.16366,1.16592,1.1604,1.16371,1080,0.000156
2026-03-07 02:00:00,1.16371,1.16659,1.1488,1.15327,593,0.00015
2026-03-07 06:00:00,1.15327,1.1622,1.15117,1.15788,1249,0.000188
2026-03-07 10:00:00,1.15788,1.15851,1.15413,1.1558,1437,0.000168
2026-03-07 14:00:00,1.1558,1.1585,1.15083,1.15325,1596,0.000185
2026-03-07 18:00:00,1.15325,1.1562,1.15154,1.15516,836,0.000193
2026-03-07 22:00:00,1.15516,1.15862,1.14665,1.14941,1128,0.000186
2026-03-08 02:00:00,1.14941,1.15202,1.13147,1.13455,1436,0.000173
2026-03-08 06:00:00,1.13455,1.13602,1.13273,1.13452,1600,0.000179
2026-03-08 10:00:00,1.13452,1.13757,1.13253,1.1326,1480,0.00017
2026-03-08 14:00:00,1.1326,1.1339,1.13031,1.13266,1421,0.000175
2026-03-08 18:00:00,1.13266,1.13721,1.12917,1.1333,1675,0.000156
2026-03-08 22:00:00,1.1333,1.14061,1.12928,1.1369,1044,0.00018
2026-03-09 02:00:00,1.1369,1.13822,1.13016,1.13049,735,0.000181
2026-03-09 06:00:00,1.13049,1.13935,1.12842,1.13335,748,0.000168
2026-03-09 10:00:00,1.13335,1.13651,1.12719,1.1296,1047,0.00018
2026-03-09 14:00:00,1.1296,1.1299,1.12531,1.12639,1507,0.000168
2026-03-09 18:00:00,1.12639,1.13819,1.12504,1.13709,1282,0.000158
2026-03-09 22:00:00,1.13709,1.13766,1.13178,1.13306,1230,0.000165
2026-03-10 02:00:00,1.13306,1.13434,1.13155,1.13163,1033,0.000195
2026-03-10 06:00:00,1.13163,1.13608,1.12769,1.13247,944,0.00017
2026-03-10 10:00:00,1.13247,1.13669,1.12966,1.13506,1123,0.000163
2026-03-10 14:00:00,1.13506,1.13977,1.13454,1.13695,688,0.000188
2026-03-10 18:00:00,1.13695,1.13846,1.13478,1.13722,609,0.000179
2026-03-10 22:00:00,1.13722,1.1386,1.13041,1.13518,1423,0.000156
2026-03-11 02:00:00,1.13518,1.139,1.13435,1.13746,1122,0.000181
2026-03-11 06:00:00,1.13746,1.13761,1.12979,1.13339,1533,0.000156
2026-03-11 10:00:00,1.13339,1.13476,1.12545,1.12795,898,0.000173
2026-03-11 14:00:00,1.12795,1.13192,1.12205,1.12938,652,0.000176
2026-03-11 18:00:00,1.12938,1.1319,1.12136,1.12349,1553,0.00018
2026-03-11 22:00:00,1.12349,1.12698,1.11908,1.1218,1496,0.000174
2026-03-12 02:00:00,1.1218,1.12771,1.12092,1.12468,1479,0.00019
2026-03-12 06:00:00,1.12468,1.12983,1.11651,1.11765,1491,0.000182
2026-03-12 10:00:00,1.11765,1.1225,1.1168,1.11949,1196,0.000172
2026-03-12 14:00:00,1.11949,1.12509,1.11654,1.12212,1001,0.00017
2026-03-12 18:00:00,1.12212,1.12297,1.11011,1.11297,1201,0.000185
2026-03-12 22:00:00,1.11297,1.1167,1.09908,1.09985,1488,0.000161
2026-03-13 02:00:00,1.09985,1.10168,1.09779,1.0994,1366,0.000159
2026-03-13 06:00:00,1.0994,1.10331,1.09071,1.09377,952,0.000161
2026-03-13 10:00:00,1.09377,1.099,1.0902,1.09727,1102,0.000188
2026-03-13 14:00:00,1.09727,1.1042,1.09315,1.09997,1580,0.000194
2026-03-13 18:00:00,1.09997,1.10895,1.09787,1.10578,1448,0.000156
2026-03-13 22:00:00,1.10578,1.10881,1.09998,1.10179,871,0.000178
2026-03-14 02:00:00,1.10179,1.10429,1.10083,1.10244,965,0.000163
2026-03-14 06:00:00,1.10244,1.10248,1.10127,1.10167,1201,0.000177
2026-03-14 10:00:00,1.10167,1.11242,1.09772,1.10856,1209,0.000164
2026-03-14 14:00:00,1.10856,1.11373,1.10691,1.10845,836,0.000185
2026-03-14 18:00:00,1.10845,1.11235,1.10582,1.10823,1028,0.00019
2026-03-14 22:00:00,1.10823,1.1103,1.09992,1.10423,1247,0.000187
2026-03-15 02:00:00,1.10423,1.10761,1.10374,1.10752,1225,0.00016
2026-03-15 06:00:00,1.10752,1.11683,1.10566,1.11208,455,0.000163
2026-03-15 10:00:00,1.11208,1.12827,1.11005,1.12555,1102,0.000167
2026-03-15 14:00:00,1.12555,1.12747,1.12362,1.12497,1630,0.000158
2026-03-15 18:00:00,1.12497,1.13309,1.12244,1.13116,1211,0.000174
2026-03-15 22:00:00,1.13116,1.13161,1.12499,1.12883,1024,0.000163
2026-03-16 02:00:00,1.12883,1.13388,1.1234,1.13106,1547,0.000182
2026-03-16 06:00:00,1.13106,1.13328,1.12593,1.12895,1381,0.000174
2026-03-16 10:00:00,1.12895,1.1307,1.1156,1.12016,1347,0.00015
2026-03-16 14:00:00,1.12016,1.12311,1.11577,1.1214,1028,0.000188
2026-03-16 18:00:00,1.1214,1.12422,1.11832,1.11975,1045,0.000167
2026-03-16 22:00:00,1.11975,1.13198,1.11756,1.13042,1146,0.000187
2026-03-17 02:00:00,1.13042,1.13372,1.12872,1.13356,1086,0.000161
2026-03-17 06:00:00,1.13356,1.13512,1.12909,1.12957,1344,0.000157
2026-03-17 10:00:00,1.12957,1.1315,1.12387,1.12442,1054,0.000187
2026-03-17 14:00:00,1.12442,1.12632,1.12086,1.12578,1113,0.000152
2026-03-17 18:00:00,1.12578,1.12811,1.11764,1.11973,1557,0.000162
2026-03-17 22:00:00,1.11973,1.12865,1.11428,1.12584,809,0.000175
2026-03-18 02:00:00,1.12584,1.13824,1.12047,1.13716,873,0.000176
2026-03-18 06:00:00,1.13716,1.13816,1.13264,1.13604,1396,0.000185
2026-03-18 10:00:00,1.13604,1.13801,1.13442,1.1362,1173,0.000172
2026-03-18 14:00:00,1.1362,1.13833,1.13148,1.13783,1068,0.000194
2026-03-18 18:00:00,1.13783,1.14674,1.13396,1.14296,1726,0.000176
2026-03-18 22:00:00,1.14296,1.14724,1.14165,1.14649,1327,0.000151
2026-03-19 02:00:00,1.14649,1.14822,1.14459,1.14637,1539,0.000183
2026-03-19 06:00:00,1.14637,1.15401,1.14372,1.15287,957,0.00017
2026-03-19 10:00:00,1.15287,1.15453,1.14463,1.14795,1196,0.00018
2026-03-19 14:00:00,1.14795,1.15211,1.13896,1.14364,854,0.000182
2026-03-19 18:00:00,1.14364,1.14572,1.13929,1.14033,1027,0.000167
2026-03-19 22:00:00,1.14033,1.14498,1.13264,1.13497,1088,0.000186
2026-03-20 02:00:00,1.13497,1.13926,1.13118,1.1375,840,0.000163
2026-03-20 06:00:00,1.1375,1.1388,1.12393,1.12874,1616,0.000175
2026-03-20 10:00:00,1.12874,1.12933,1.12645,1.12919,1797,0.000174
2026-03-20 14:00:00,1.12919,1.13092,1.12393,1.12787,1684,0.00018
2026-03-20 18:00:00,1.12787,1.1328,1.12586,1.13032,610,0.00017
2026-03-20 22:00:00,1.13032,1.13401,1.12671,1.13058,1508,0.000162
2026-03-21 02:00:00,1.13058,1.13488,1.1259,1.13266,1236,0.000174
2026-03-21 06:00:00,1.13266,1.13412,1.12844,1.12927,1065,0.000189
2026-03-21 10:00:00,1.12927,1.13878,1.12563,1.13467,1674,0.000189
2026-03-21 14:00:00,1.13467,1.1377,1.12665,1.12827,855,0.00017
2026-03-21 18:00:00,1.12827,1.13205,1.12478,1.12685,963,0.000176
2026-03-21 22:00:00,1.12685,1.13636,1.12398,1.13627,750,0.000189
2026-03-22 02:00:00,1.13627,1.14205,1.13323,1.14054,840,0.000166
2026-03-22 06:00:00,1.14054,1.1475,1.13793,1.14541,1198,0.00019
2026-03-22 10:00:00,1.14541,1.14954,1.14388,1.1466,828,0.00016
2026-03-22 14:00:00,1.1466,1.14901,1.14356,1.14485,871,0.000189
2026-03-22 18:00:00,1.14485,1.14759,1.14342,1.14402,1369,0.000166
2026-03-22 22:00:00,1.14402,1.14846,1.14,1.14472,1299,0.000157
2026-03-23 02:00:00,1.14472,1.14825,1.14253,1.14436,1505,0.000186
2026-03-23 06:00:00,1.14436,1.14599,1.13599,1.13697,1047,0.000167
2026-03-23 10:00:00,1.13697,1.1401,1.13469,1.13948,1030,0.000186
2026-03-23 14:00:00,1.13948,1.14775,1.13653,1.14442,706,0.00018
2026-03-23 18:00:00,1.14442,1.15982,1.13995,1.15584,953,0.000164
2026-03-23 22:00:00,1.15584,1.16618,1.15496,1.16492,1263,0.000172
2026-03-24 02:00:00,1.16492,1.16716,1.16379,1.16608,1522,0.00017
2026-03-24 06:00:00,1.16608,1.16816,1.16588,1.16804,814,0.000167
2026-03-24 10:00:00,1.16804,1.17256,1.15859,1.16003,888,0.000189
2026-03-24 14:00:00,1.16003,1.16416,1.15579,1.15617,1623,0.000176
2026-03-24 18:00:00,1.15617,1.16737,1.15438,1.16383,1800,0.000152
2026-03-24 22:00:00,1.16383,1.17343,1.16052,1.17141,1107,0.000153
2026-03-25 02:00:00,1.17141,1.17596,1.16852,1.17267,1183,0.000189
2026-03-25 06:00:00,1.17267,1.1748,1.16969,1.17009,1555,0.000167
2026-03-25 10:00:00,1.17009,1.17545,1.16836,1.17412,1454,0.00017
2026-03-25 14:00:00,1.17412,1.18004,1.16925,1.17898,1512,0.000193
2026-03-25 18:00:00,1.17898,1.18155,1.17488,1.17676,389,0.000167
2026-03-25 22:00:00,1.17676,1.18084,1.16927,1.1714,781,0.00019
2026-03-26 02:00:00,1.1714,1.17424,1.16882,1.17315,1424,0.000152
2026-03-26 06:00:00,1.17315,1.17421,1.16264,1.16623,1308,0.000159
2026-03-26 10:00:00,1.16623,1.16788,1.1653,1.16573,1444,0.000174
2026-03-26 14:00:00,1.16573,1.16961,1.16406,1.16781,825,0.000155
2026-03-26 18:00:00,1.16781,1.17333,1.16342,1.17213,1600,0.000172
2026-03-26 22:00:00,1.17213,1.17582,1.16291,1.16642,1456,0.000165
2026-03-27 02:00:00,1.16642,1.17239,1.16377,1.16466,758,0.000162
2026-03-27 06:00:00,1.16466,1.16803,1.15596,1.15839,950,0.000175
2026-03-27 10:00:00,1.15839,1.16423,1.15679,1.16106,1314,0.000158
2026-03-27 14:00:00,1.16106,1.16112,1.15576,1.15774,1369,0.000177
2026-03-27 18:00:00,1.15774,1.16337,1.15752,1.16039,1045,0.000156
2026-03-27 22:00:00,1.16039,1.1608,1.1505,1.1539,746,0.00017
2026-03-28 02:00:00,1.1539,1.15753,1.15099,1.15468,1461,0.000191
2026-03-28 06:00:00,1.15468,1.15888,1.15117,1.15595,1864,0.000188
2026-03-28 10:00:00,1.15595,1.15902,1.15381,1.15887,1420,0.000156
2026-03-28 14:00:00,1.15887,1.16362,1.1524,1.15303,1313,0.000188
2026-03-28 18:00:00,1.15303,1.15625,1.14455,1.14534,1206,0.000172
2026-03-28 22:00:00,1.14534,1.14966,1.14019,1.14204,1028,0.000166
2026-03-29 02:00:00,1.14204,1.14488,1.13404,1.13617,991,0.000182
2026-03-29 06:00:00,1.13617,1.13725,1.13221,1.13337,886,0.00019
2026-03-29 10:00:00,1.13337,1.13406,1.1234,1.1259,1227,0.000182
2026-03-29 14:00:00,1.1259,1.12788,1.12385,1.12614,998,0.000189
2026-03-29 18:00:00,1.12614,1.1293,1.11911,1.12206,1278,0.000158
2026-03-29 22:00:00,1.12206,1.12928,1.12055,1.12836,732,0.000172
2026-03-30 02:00:00,1.12836,1.13274,1.11902,1.12395,1429,0.000188
2026-03-30 06:00:00,1.12395,1.12701,1.11344,1.11703,902,0.000171
2026-03-30 10:00:00,1.11703,1.1193,1.11588,1.11634,1339,0.000185
2026-03-30 14:00:00,1.11634,1.1181,1.10828,1.11188,1260,0.000195
2026-03-30 18:00:00,1.11188,1.11744,1.11175,1.11598,1063,0.000151
2026-03-30 22:00:00,1.11598,1.12485,1.11597,1.12309,1469,0.000171
2026-03-31 02:00:00,1.12309,1.13519,1.11941,1.12893,1296,0.00017
2026-03-31 06:00:00,1.12893,1.13419,1.12585,1.129,1117,0.000188
2026-03-31 10:00:00,1.129,1.13068,1.12682,1.12949,1341,0.000157
2026-03-31 14:00:00,1.12949,1.13325,1.12466,1.12725,1806,0.000165
2026-03-31 18:00:00,1.12725,1.13073,1.12456,1.12958,1085,0.000189
2026-03-31 22:00:00,1.12958,1.13143,1.12358,1.12519,1471,0.000152
2026-04-01 02:00:00,1.12519,1.12806,1.11724,1.12128,1341,0.000177
2026-04-01 06:00:00,1.12128,1.12595,1.12015,1.12273,951,0.000187
2026-04-01 10:00:00,1.12273,1.12792,1.12051,1.12495,1089,0.000164
2026-04-01 14:00:00,1.12495,1.13674,1.12431,1.13468,905,0.000163
2026-04-01 18:00:00,1.13468,1.13878,1.12737,1.12982,1453,0.000179
2026-04-01 22:00:00,1.12982,1.13347,1.12788,1.12958,1111,0.000153
2026-04-02 02:00:00,1.12958,1.13367,1.12439,1.12776,1220,0.000186
2026-04-02 06:00:00,1.12776,1.12848,1.12532,1.12739,1534,0.000169
2026-04-02 10:00:00,1.12739,1.13037,1.12342,1.12615,711,0.000162
2026-04-02 14:00:00,1.12615,1.12793,1.11758,1.12224,1561,0.00019
2026-04-02 18:00:00,1.12224,1.12602,1.11645,1.11791,944,0.000172
2026-04-02 22:00:00,1.11791,1.12025,1.10485,1.1074,782,0.000185
2026-04-03 02:00:00,1.1074,1.10916,1.10188,1.10221,1339,0.000179
2026-04-03 06:00:00,1.10221,1.10658,1.09523,1.09841,1030,0.000152
2026-04-03 10:00:00,1.09841,1.10007,1.09737,1.09747,1216,0.000173
2026-04-03 14:00:00,1.09747,1.09917,1.08495,1.08835,1017,0.000168
2026-04-03 18:00:00,1.08835,1.09964,1.0871,1.09579,1412,0.000165
2026-04-03 22:00:00,1.09579,1.09797,1.09496,1.09679,1433,0.000151
2026-04-04 02:00:00,1.09679,1.09919,1.08829,1.09153,1121,0.000163
2026-04-04 06:00:00,1.09153,1.09512,1.08465,1.08884,1320,0.000167
2026-04-04 10:00:00,1.08884,1.09432,1.08557,1.09246,1036,0.000168
2026-04-04 14:00:00,1.09246,1.09796,1.09232,1.09738,565,0.000191
2026-04-04 18:00:00,1.09738,1.09782,1.08928,1.09389,976,0.000193
2026-04-04 22:00:00,1.09389,1.10053,1.08866,1.09724,1119,0.000189
2026-04-05 02:00:00,1.09724,1.108,1.09656,1.10648,1021,0.000189
2026-04-05 06:00:00,1.10648,1.10706,1.10092,1.10242,699,0.000163
2026-04-05 10:00:00,1.10242,1.10365,1.09287,1.09692,1396,0.000166
2026-04-05 14:00:00,1.09692,1.1058,1.09473,1.10493,1142,0.000177
2026-04-05 18:00:00,1.10493,1.10916,1.1,1.1041,1164,0.000162
2026-04-05 22:00:00,1.1041,1.10906,1.09957,1.10498,1252,0.000155
2026-04-06 02:00:00,1.10498,1.10523,1.09804,1.09808,859,0.000184
2026-04-06 06:00:00,1.09808,1.09882,1.09393,1.0976,1217,0.000153
2026-04-06 10:00:00,1.0976,1.1009,1.09117,1.0958,1319,0.000193
2026-04-06 14:00:00,1.0958,1.09676,1.08841,1.09081,990,0.000186
2026-04-06 18:00:00,1.09081,1.09406,1.08074,1.0838,1667,0.000165
2026-04-06 22:00:00,1.0838,1.08772,1.07962,1.08214,943,0.000159
2026-04-07 02:00:00,1.08214,1.08303,1.07266,1.07465,928,0.000192
2026-04-07 06:00:00,1.07465,1.07696,1.07063,1.07553,1280,0.000166
2026-04-07 10:00:00,1.07553,1.07848,1.07221,1.07231,1073,0.000176
2026-04-07 14:00:00,1.07231,1.08422,1.07036,1.07968,776,0.000168
2026-04-07 18:00:00,1.07968,1.09443,1.07531,1.09301,632,0.000184
2026-04-07 22:00:00,1.09301,1.09984,1.08882,1.0968,1160,0.000194
2026-04-08 02:00:00,1.0968,1.10006,1.09622,1.09702,719,0.000159
2026-04-08 06:00:00,1.09702,1.10585,1.09582,1.10234,1060,0.000173
2026-04-08 10:00:00,1.10234,1.10596,1.09699,1.0991,984,0.000176
2026-04-08 14:00:00,1.0991,1.10014,1.08913,1.09286,1005,0.00016
2026-04-08 18:00:00,1.09286,1.09679,1.09021,1.09551,1008,0.000151
2026-04-08 22:00:00,1.09551,1.10173,1.09355,1.09724,1303,0.000157
2026-04-09 02:00:00,1.09724,1.10193,1.09548,1.09879,1092,0.000192
2026-04-09 06:00:00,1.09879,1.09951,1.09342,1.09551,869,0.000179
2026-04-09 10:00:00,1.09551,1.09892,1.09235,1.09517,1492,0.000161
2026-04-09 14:00:00,1.09517,1.10111,1.09031,1.09814,1497,0.000177
2026-04-09 18:00:00,1.09814,1.10499,1.08903,1.09467,777,0.00016
2026-04-09 22:00:00,1.09467,1.09975,1.08837,1.09191,1201,0.000182
2026-04-10 02:00:00,1.09191,1.09298,1.07957,1.08346,1524,0.000155
2026-04-10 06:00:00,1.08346,1.08693,1.077,1.07726,1049,0.000174
2026-04-10 10:00:00,1.07726,1.08045,1.07491,1.07591,978,0.000184
2026-04-10 14:00:00,1.07591,1.07751,1.07134,1.07348,929,0.00019
2026-04-10 18:00:00,1.07348,1.0772,1.07276,1.07455,1100,0.000179
2026-04-10 22:00:00,1.07455,1.07817,1.06671,1.06926,900,0.000159
2026-04-11 02:00:00,1.06926,1.07361,1.06567,1.06763,1584,0.000171
2026-04-11 06:00:00,1.06763,1.07771,1.06228,1.07483,408,0.000154
2026-04-11 10:00:00,1.07483,1.07943,1.07054,1.07607,866,0.000161
2026-04-11 14:00:00,1.07607,1.07881,1.07312,1.07801,1660,0.000192
2026-04-11 18:00:00,1.07801,1.07939,1.07597,1.07848,787,0.000186
2026-04-11 22:00:00,1.07848,1.08019,1.07106,1.07422,917,0.000179
2026-04-12 02:00:00,1.07422,1.07608,1.07326,1.07388,1427,0.000194
2026-04-12 06:00:00,1.07388,1.07617,1.07046,1.07362,896,0.000183
2026-04-12 10:00:00,1.07362,1.07433,1.0666,1.07003,724,0.000183
2026-04-12 14:00:00,1.07003,1.07321,1.06446,1.06652,819,0.00018
2026-04-12 18:00:00,1.06652,1.06932,1.05669,1.06059,1218,0.000168
2026-04-12 22:00:00,1.06059,1.06318,1.05676,1.06115,1296,0.000174
2026-04-13 02:00:00,1.06115,1.06348,1.05413,1.05484,1480,0.000185
2026-04-13 06:00:00,1.05484,1.05624,1.04545,1.04911,783,0.000192
2026-04-13 10:00:00,1.04911,1.05317,1.04403,1.04481,834,0.000181
2026-04-13 14:00:00,1.04481,1.0474,1.03345,1.03683,1281,0.000183
2026-04-13 18:00:00,1.03683,1.04134,1.03483,1.03898,1405,0.000194
2026-04-13 22:00:00,1.03898,1.04105,1.0362,1.03687,1117,0.000151
2026-04-14 02:00:00,1.03687,1.04345,1.03308,1.03976,1195,0.000181
2026-04-14 06:00:00,1.03976,1.04085,1.03372,1.03641,1346,0.000185
2026-04-14 10:00:00,1.03641,1.03888,1.02721,1.03067,884,0.000155
2026-04-14 14:00:00,1.03067,1.03161,1.02346,1.02608,876,0.000184
2026-04-14 18:00:00,1.02608,1.02844,1.01075,1.01423,1285,0.000172
2026-04-14 22:00:00,1.01423,1.01594,1.00641,1.00879,1285,0.000187
2026-04-15 02:00:00,1.00879,1.01645,1.00511,1.0148,1403,0.000157
2026-04-15 06:00:00,1.0148,1.01711,1.0143,1.0144,1576,0.000163
2026-04-15 10:00:00,1.0144,1.01652,1.00921,1.0131,1670,0.000178
2026-04-15 14:00:00,1.0131,1.0151,1.00616,1.00892,1016,0.000155
2026-04-15 18:00:00,1.00892,1.0128,1.00734,1.01209,943,0.000188
2026-04-15 22:00:00,1.01209,1.0173,1.0092,1.0156,1456,0.00016
2026-04-16 02:00:00,1.0156,1.0193,1.01355,1.0144,1238,0.000188
2026-04-16 06:00:00,1.0144,1.01647,1.00159,1.00505,1130,0.000164
2026-04-16 10:00:00,1.00505,1.0082,0.99104,0.9949,1773,0.000161
2026-04-16 14:00:00,0.9949,0.99873,0.99144,0.9936,1017,0.000184
2026-04-16 18:00:00,0.9936,0.99603,0.98646,0.98845,1314,0.000151
2026-04-16 22:00:00,0.98845,1.00562,0.98643,1.00075,1338,0.000177
2026-04-17 02:00:00,1.00075,1.00174,0.99751,1.00085,1354,0.000172
2026-04-17 06:00:00,1.00085,1.0056,0.99887,1.00294,1370,0.000173
2026-04-17 10:00:00,1.00294,1.00662,0.98607,0.98879,1645,0.000161
2026-04-17 14:00:00,0.98879,0.99468,0.9864,0.99138,1865,0.000187
2026-04-17 18:00:00,0.99138,0.99911,0.99073,0.99669,1109,0.000159
2026-04-17 22:00:00,0.99669,1.00108,0.99474,0.99943,692,0.000184
2026-04-18 02:00:00,0.99943,1.00775,0.99685,1.00159,1220,0.000176
2026-04-18 06:00:00,1.00159,1.00778,0.9991,1.00296,770,0.000151
2026-04-18 10:00:00,1.00296,1.00305,0.99793,0.99831,1342,0.000172
2026-04-18 14:00:00,0.99831,1.00048,0.99298,0.99352,1571,0.000179
2026-04-18 18:00:00,0.99352,0.99628,0.99318,0.99463,1142,0.000167
2026-04-18 22:00:00,0.99463,0.99774,0.99272,0.99647,1425,0.000163
2026-04-19 02:00:00,0.99647,0.99669,0.98534,0.98866,1472,0.000155
2026-04-19 06:00:00,0.98866,0.99469,0.97507,0.9769,1573,0.000153
2026-04-19 10:00:00,0.9769,0.97914,0.9748,0.9752,1395,0.000162
2026-04-19 14:00:00,0.9752,0.9778,0.96896,0.97045,902,0.000166
2026-04-19 18:00:00,0.97045,0.97308,0.96563,0.96641,1589,0.000153
2026-04-19 22:00:00,0.96641,0.97297,0.96501,0.97124,552,0.000183
2026-04-20 02:00:00,0.97124,0.97438,0.96514,0.96534,1250,0.000175
2026-04-20 06:00:00,0.96534,0.96882,0.95259,0.95535,1023,0.000167
2026-04-20 10:00:00,0.95535,0.97014,0.95435,0.96555,100,0.000188
2026-04-20 14:00:00,0.96555,0.96685,0.9588,0.95962,1424,0.000184
2026-04-20 18:00:00,0.95962,0.96298,0.94745,0.95164,711,0.000157
2026-04-20 22:00:00,0.95164,0.95962,0.95031,0.95522,1490,0.000153
2026-04-21 02:00:00,0.95522,0.95609,0.93961,0.94165,1432,0.000161
2026-04-21 06:00:00,0.94165,0.94266,0.9384,0.94095,1992,0.000158
2026-04-21 10:00:00,0.94095,0.9423,0.93692,0.94163,826,0.000187
2026-04-21 14:00:00,0.94163,0.94464,0.93815,0.94098,1429,0.000157
2026-04-21 18:00:00,0.94098,0.9463,0.93712,0.94366,1319,0.00015
2026-04-21 22:00:00,0.94366,0.94688,0.93912,0.9418,1209,0.00015
2026-04-22 02:00:00,0.9418,0.94354,0.93911,0.94171,782,0.000181
2026-04-22 06:00:00,0.94171,0.94387,0.94158,0.94333,1570,0.000173
2026-04-22 10:00:00,0.94333,0.95525,0.94236,0.95207,839,0.000175
2026-04-22 14:00:00,0.95207,0.95881,0.94718,0.95391,1226,0.000167
2026-04-22 18:00:00,0.95391,0.96343,0.95161,0.95863,1274,0.000179
2026-04-22 22:00:00,0.95863,0.96456,0.9562,0.96163,1404,0.000162
2026-04-23 02:00:00,0.96163,0.96373,0.96123,0.96188,1548,0.000169
2026-04-23 06:00:00,0.96188,0.96547,0.96051,0.96414,1378,0.000163
2026-04-23 10:00:00,0.96414,0.96602,0.96154,0.96306,691,0.000191
2026-04-23 14:00:00,0.96306,0.96515,0.96061,0.96248,1132,0.000171
2026-04-23 18:00:00,0.96248,0.96703,0.96015,0.96441,1430,0.000157
2026-04-23 22:00:00,0.96441,0.96882,0.96106,0.96475,587,0.000182
2026-04-24 02:00:00,0.96475,0.96871,0.96197,0.96549,1022,0.000174
2026-04-24 06:00:00,0.96549,0.96736,0.96259,0.96711,887,0.000192
2026-04-24 10:00:00,0.96711,0.9726,0.96406,0.96854,1639,0.000175
2026-04-24 14:00:00,0.96854,0.9717,0.96835,0.96907,1091,0.000167
2026-04-24 18:00:00,0.96907,0.97407,0.96265,0.97114,779,0.000186
2026-04-24 22:00:00,0.97114,0.98121,0.97033,0.97707,1448,0.000189
2026-04-25 02:00:00,0.97707,0.98014,0.971,0.97307,1644,0.000186
2026-04-25 06:00:00,0.97307,0.97549,0.97154,0.97351,1240,0.000155
2026-04-25 10:00:00,0.97351,0.98018,0.97244,0.97828,1255,0.000153
2026-04-25 14:00:00,0.97828,0.98729,0.97627,0.98296,1282,0.000158
2026-04-25 18:00:00,0.98296,0.98706,0.97926,0.98578,1112,0.000155
2026-04-25 22:00:00,0.98578,0.99651,0.9856,0.99493,828,0.000159
2026-04-26 02:00:00,0.99493,0.99777,0.98996,0.99394,1140,0.00017
2026-04-26 06:00:00,0.99394,1.00008,0.99378,0.99958,1175,0.000165
2026-04-26 10:00:00,0.99958,0.99985,0.99354,0.99427,1081,0.000191
2026-04-26 14:00:00,0.99427,0.99787,0.99225,0.99481,2181,0.000165
2026-04-26 18:00:00,0.99481,1.00357,0.99142,1.00121,1616,0.000177
2026-04-26 22:00:00,1.00121,1.00592,0.99665,1.00584,1111,0.000157
2026-04-27 02:00:00,1.00584,1.01947,1.0044,1.01642,1525,0.000163
2026-04-27 06:00:00,1.01642,1.02262,1.01391,1.01914,1117,0.000161
2026-04-27 10:00:00,1.01914,1.02292,1.01467,1.01764,1183,0.000174
2026-04-27 14:00:00,1.01764,1.01983,1.0146,1.01707,1219,0.000155
2026-04-27 18:00:00,1.01707,1.02801,1.0142,1.02401,1008,0.000183
2026-04-27 22:00:00,1.02401,1.02411,1.02228,1.02359,1130,0.00016
2026-04-28 02:00:00,1.02359,1.02917,1.02029,1.02752,726,0.000173
2026-04-28 06:00:00,1.02752,1.02849,1.02401,1.0275,737,0.000192
2026-04-28 10:00:00,1.0275,1.03293,1.0259,1.02933,618,0.000167
2026-04-28 14:00:00,1.02933,1.03554,1.02514,1.03069,1052,0.000169
2026-04-28 18:00:00,1.03069,1.03693,1.02982,1.03626,1308,0.000179
2026-04-28 22:00:00,1.03626,1.04036,1.0303,1.03154,1419,0.000163
2026-04-29 02:00:00,1.03154,1.03499,1.02557,1.03194,1099,0.000189
2026-04-29 06:00:00,1.03194,1.03609,1.02558,1.02733,1025,0.000161
2026-04-29 10:00:00,1.02733,1.03052,1.02292,1.02527,517,0.000183
2026-04-29 14:00:00,1.02527,1.02974,1.02265,1.0272,1043,0.000192
2026-04-29 18:00:00,1.0272,1.0367,1.02416,1.03392,1421,0.000173
2026-04-29 22:00:00,1.03392,1.03902,1.03386,1.03696,1425,0.000157
2026-04-30 02:00:00,1.03696,1.04026,1.03068,1.03414,970,0.000174
2026-04-30 06:00:00,1.03414,1.03846,1.03136,1.03567,1442,0.000161
2026-04-30 10:00:00,1.03567,1.04806,1.03277,1.04311,1331,0.000153
2026-04-30 14:00:00,1.04311,1.04714,1.03601,1.04023,1127,0.000188
2026-04-30 18:00:00,1.04023,1.0479,1.03639,1.04334,1396,0.000154
2026-04-30 22:00:00,1.04334,1.04416,1.03748,1.04057,1890,0.000181
2026-05-01 02:00:00,1.04057,1.04453,1.03876,1.04308,823,0.000154
2026-05-01 06:00:00,1.04308,1.04891,1.03739,1.0436,737,0.000163
2026-05-01 10:00:00,1.0436,1.05048,1.04049,1.04578,990,0.000162
2026-05-01 14:00:00,1.04578,1.0526,1.04283,1.05058,1215,0.000162
2026-05-01 18:00:00,1.05058,1.05453,1.04999,1.0522,1692,0.000181
2026-05-01 22:00:00,1.0522,1.06156,1.04835,1.05746,772,0.00018
2026-05-02 02:00:00,1.05746,1.06846,1.05622,1.06695,863,0.000182
2026-05-02 06:00:00,1.06695,1.06882,1.06611,1.06753,1227,0.000179
2026-05-02 10:00:00,1.06753,1.07826,1.06494,1.07421,575,0.000165
2026-05-02 14:00:00,1.07421,1.08161,1.07134,1.07876,1159,0.000168
2026-05-02 18:00:00,1.07876,1.08154,1.0771,1.07989,1290,0.000193
2026-05-02 22:00:00,1.07989,1.08757,1.07802,1.08613,864,0.000154
2026-05-03 02:00:00,1.08613,1.08882,1.08275,1.08545,1107,0.000176
2026-05-03 06:00:00,1.08545,1.09247,1.07929,1.09038,1155,0.000155
2026-05-03 10:00:00,1.09038,1.09971,1.08584,1.09761,1379,0.000172
2026-05-03 14:00:00,1.09761,1.09803,1.09333,1.09654,882,0.000161
2026-05-03 18:00:00,1.09654,1.09967,1.09276,1.0987,1154,0.00018
2026-05-03 22:00:00,1.0987,1.10493,1.09688,1.10339,965,0.000159
2026-05-04 02:00:00,1.10339,1.1078,1.10327,1.10547,1314,0.000191
2026-05-04 06:00:00,1.10547,1.108,1.09662,1.09982,1487,0.000192
2026-05-04 10:00:00,1.09982,1.1058,1.09555,1.10228,670,0.000179
2026-05-04 14:00:00,1.10228,1.10961,1.09964,1.10565,954,0.00016
2026-05-04 18:00:00,1.10565,1.10922,1.10328,1.10901,1370,0.000188
2026-05-04 22:00:00,1.10901,1.11298,1.104,1.1047,1498,0.000192
2026-05-05 02:00:00,1.1047,1.11439,1.10149,1.11076,1297,0.000181
2026-05-05 06:00:00,1.11076,1.11397,1.10801,1.10964,1027,0.000188
2026-05-05 10:00:00,1.10964,1.11099,1.10551,1.10694,1692,0.000167
2026-05-05 14:00:00,1.10694,1.11804,1.10689,1.11423,1720,0.000169
2026-05-05 18:00:00,1.11423,1.12934,1.11414,1.1258,1285,0.000179
2026-05-05 22:00:00,1.1258,1.12741,1.11906,1.12254,1137,0.000194
2026-05-06 02:00:00,1.12254,1.12607,1.11882,1.12138,1426,0.000162
2026-05-06 06:00:00,1.12138,1.13313,1.11744,1.13123,980,0.000183
2026-05-06 10:00:00,1.13123,1.13334,1.12746,1.13132,988,0.00019
2026-05-06 14:00:00,1.13132,1.13189,1.13116,1.13183,995,0.000166
2026-05-06 18:00:00,1.13183,1.13716,1.12844,1.13495,1232,0.000173
2026-05-06 22:00:00,1.13495,1.13821,1.13313,1.13684,1264,0.000192
2026-05-07 02:00:00,1.13684,1.13844,1.13308,1.13478,1677,0.000173
2026-05-07 06:00:00,1.13478,1.13607,1.12935,1.13236,1195,0.000179
2026-05-07 10:00:00,1.13236,1.13382,1.12904,1.13041,1283,0.000157
2026-05-07 14:00:00,1.13041,1.1342,1.12102,1.1235,1121,0.000175
2026-05-07 18:00:00,1.1235,1.12559,1.11783,1.12206,698,0.00018
2026-05-07 22:00:00,1.12206,1.12913,1.11787,1.12389,752,0.000192
2026-05-08 02:00:00,1.12389,1.12662,1.12277,1.12433,1590,0.000172
2026-05-08 06:00:00,1.12433,1.12876,1.11509,1.11751,1410,0.000186
2026-05-08 10:00:00,1.11751,1.1229,1.116,1.12017,1547,0.000192
2026-05-08 14:00:00,1.12017,1.12772,1.11836,1.1224,291,0.000161
2026-05-08 18:00:00,1.1224,1.12976,1.12193,1.12656,1417,0.000162
2026-05-08 22:00:00,1.12656,1.13121,1.11466,1.11715,877,0.000175
2026-05-09 02:00:00,1.11715,1.13228,1.11368,1.1314,604,0.000177
2026-05-09 06:00:00,1.1314,1.14213,1.12831,1.13862,711,0.000182
2026-05-09 10:00:00,1.13862,1.142,1.12866,1.13213,1515,0.000194
2026-05-09 14:00:00,1.13213,1.13702,1.1299,1.13223,1966,0.000183
2026-05-09 18:00:00,1.13223,1.1369,1.12823,1.13329,1408,0.000169
2026-05-09 22:00:00,1.13329,1.14221,1.13099,1.13992,782,0.000174
2026-05-10 02:00:00,1.13992,1.14305,1.13644,1.14066,1175,0.00018
2026-05-10 06:00:00,1.14066,1.14534,1.13701,1.14436,950,0.000185
2026-05-10 10:00:00,1.14436,1.1529,1.14287,1.1507,1035,0.000177
2026-05-10 14:00:00,1.1507,1.16267,1.14672,1.1617,1079,0.000191
2026-05-10 18:00:00,1.1617,1.16656,1.15836,1.16543,630,0.000159
2026-05-10 22:00:00,1.16543,1.17629,1.16154,1.17362,1057,0.000153
2026-05-11 02:00:00,1.17362,1.17559,1.16955,1.17311,1408,0.00015
2026-05-11 06:00:00,1.17311,1.17548,1.16642,1.16774,1217,0.000162
2026-05-11 10:00:00,1.16774,1.17608,1.16773,1.17171,1227,0.000191
2026-05-11 14:00:00,1.17171,1.17793,1.16745,1.17369,824,0.00015
2026-05-11 18:00:00,1.17369,1.17725,1.16923,1.16932,1153,0.000189
2026-05-11 22:00:00,1.16932,1.17963,1.16666,1.17631,1023,0.000189
2026-05-12 02:00:00,1.17631,1.18008,1.17462,1.17595,1458,0.00017
2026-05-12 06:00:00,1.17595,1.18328,1.17435,1.18238,1571,0.000177
2026-05-12 10:00:00,1.18238,1.19441,1.17985,1.19226,617,0.000188
2026-05-12 14:00:00,1.19226,1.19426,1.18837,1.18946,1167,0.000174
2026-05-12 18:00:00,1.18946,1.1963,1.18651,1.19215,1268,0.000153
2026-05-12 22:00:00,1.19215,1.19447,1.18943,1.19443,704,0.000173
2026-05-13 02:00:00,1.19443,1.1977,1.19014,1.19429,1436,0.000183
2026-05-13 06:00:00,1.19429,1.19602,1.18211,1.18483,1527,0.000186
2026-05-13 10:00:00,1.18483,1.19042,1.17801,1.17831,796,0.000179
2026-05-13 14:00:00,1.17831,1.18784,1.17719,1.18335,1282,0.000167
2026-05-13 18:00:00,1.18335,1.19053,1.18054,1.18608,1379,0.000152
2026-05-13 22:00:00,1.18608,1.19081,1.18163,1.1835,1255,0.000158
2026-05-14 02:00:00,1.1835,1.18781,1.18061,1.1849,1524,0.000154
2026-05-14 06:00:00,1.1849,1.18787,1.17862,1.18102,984,0.000166
2026-05-14 10:00:00,1.18102,1.18529,1.17738,1.17871,1292,0.000157
2026-05-14 14:00:00,1.17871,1.18006,1.16046,1.16405,729,0.000175
2026-05-14 18:00:00,1.16405,1.16523,1.14839,1.15413,1311,0.000164
2026-05-14 22:00:00,1.15413,1.15727,1.1519,1.15481,1402,0.000183
2026-05-15 02:00:00,1.15481,1.15554,1.14748,1.15104,874,0.000156
2026-05-15 06:00:00,1.15104,1.15597,1.14226,1.14462,1345,0.000159
2026-05-15 10:00:00,1.14462,1.15078,1.14073,1.14817,1490,0.000165
2026-05-15 14:00:00,1.14817,1.15021,1.14565,1.1479,1448,0.000193
2026-05-15 18:00:00,1.1479,1.1536,1.14517,1.15182,1262,0.000183
2026-05-15 22:00:00,1.15182,1.1535,1.14984,1.15121,1007,0.000173
2026-05-16 02:00:00,1.15121,1.15139,1.1466,1.14955,1012,0.000175
2026-05-16 06:00:00,1.14955,1.15455,1.14486,1.14997,1582,0.000187
2026-05-16 10:00:00,1.14997,1.15288,1.14773,1.15003,914,0.000168
2026-05-16 14:00:00,1.15003,1.15111,1.1469,1.1488,1751,0.000178
2026-05-16 18:00:00,1.1488,1.1528,1.14516,1.15121,1120,0.000192
2026-05-16 22:00:00,1.15121,1.15736,1.14951,1.15506,1140,0.000159
2026-05-17 02:00:00,1.15506,1.15849,1.15238,1.1557,1558,0.000159
2026-05-17 06:00:00,1.1557,1.15969,1.15449,1.1573,991,0.000163
2026-05-17 10:00:00,1.1573,1.16434,1.15584,1.1598,1270,0.00018
2026-05-17 14:00:00,1.1598,1.1756,1.15877,1.1724,1108,0.000161
2026-05-17 18:00:00,1.1724,1.17283,1.1688,1.1726,1207,0.000176
2026-05-17 22:00:00,1.1726,1.17768,1.16773,1.17497,1484,0.000152
2026-05-18 02:00:00,1.17497,1.17947,1.17183,1.17751,824,0.000194
2026-05-18 06:00:00,1.17751,1.18384,1.176,1.1817,960,0.00015
2026-05-18 10:00:00,1.1817,1.18977,1.18092,1.18829,1142,0.000194
2026-05-18 14:00:00,1.18829,1.19719,1.18544,1.19643,999,0.000161
2026-05-18 18:00:00,1.19643,1.1977,1.19442,1.19729,834,0.00016
2026-05-18 22:00:00,1.19729,1.20486,1.19717,1.20314,842,0.000192
2026-05-19 02:00:00,1.20314,1.2065,1.20266,1.20389,1405,0.000159
2026-05-19 06:00:00,1.20389,1.21674,1.20118,1.21271,932,0.000161
2026-05-19 10:00:00,1.21271,1.21527,1.20847,1.21469,1191,0.000192
2026-05-19 14:00:00,1.21469,1.21876,1.20392,1.20468,1450,0.000151
2026-05-19 18:00:00,1.20468,1.20956,1.20385,1.20562,805,0.000167
2026-05-19 22:00:00,1.20562,1.20963,1.20214,1.20512,1280,0.000159
2026-05-20 02:00:00,1.20512,1.20882,1.20007,1.20682,718,0.000162
2026-05-20 06:00:00,1.20682,1.21365,1.20439,1.20998,873,0.000188
2026-05-20 10:00:00,1.20998,1.21401,1.20413,1.20796,1625,0.000171
2026-05-20 14:00:00,1.20796,1.21817,1.20665,1.21609,1462,0.000158
2026-05-20 18:00:00,1.21609,1.22645,1.21213,1.22493,1425,0.000151
2026-05-20 22:00:00,1.22493,1.22821,1.21935,1.22379,1272,0.000184
2026-05-21 02:00:00,1.22379,1.22739,1.22,1.22255,1239,0.000178
2026-05-21 06:00:00,1.22255,1.22487,1.21685,1.21971,1097,0.00016
2026-05-21 10:00:00,1.21971,1.22367,1.21891,1.21893,1587,0.000158
2026-05-21 14:00:00,1.21893,1.22412,1.21603,1.22318,1072,0.000185
2026-05-21 18:00:00,1.22318,1.23031,1.21994,1.22636,1311,0.000161
2026-05-21 22:00:00,1.22636,1.23061,1.22149,1.22889,1423,0.000167
2026-05-22 02:00:00,1.22889,1.23083,1.22543,1.22886,1178,0.000166
2026-05-22 06:00:00,1.22886,1.2366,1.22442,1.23496,1146,0.000163
2026-05-22 10:00:00,1.23496,1.24109,1.2325,1.23895,1160,0.000161
2026-05-22 14:00:00,1.23895,1.25058,1.238,1.24664,1420,0.000192
2026-05-22 18:00:00,1.24664,1.25492,1.24571,1.25367,1076,0.000166
2026-05-22 22:00:00,1.25367,1.26105,1.25102,1.2575,1214,0.000177
2026-05-23 02:00:00,1.2575,1.26038,1.25597,1.25975,734,0.000166
2026-05-23 06:00:00,1.25975,1.26189,1.2525,1.25633,683,0.000165
2026-05-23 10:00:00,1.25633,1.2595,1.25579,1.25709,672,0.000172
2026-05-23 14:00:00,1.25709,1.26539,1.25454,1.26262,1296,0.000168
2026-05-23 18:00:00,1.26262,1.2712,1.26077,1.26628,813,0.000167
2026-05-23 22:00:00,1.26628,1.26968,1.26089,1.26479,987,0.000182
2026-05-24 02:00:00,1.26479,1.27174,1.26273,1.26745,791,0.000189
2026-05-24 06:00:00,1.26745,1.2685,1.26268,1.26498,1373,0.000153
2026-05-24 10:00:00,1.26498,1.26669,1.25892,1.26069,1568,0.000152
2026-05-24 14:00:00,1.26069,1.26791,1.26006,1.26487,1206,0.000155
2026-05-24 18:00:00,1.26487,1.26855,1.261,1.26325,780,0.00016
2026-05-24 22:00:00,1.26325,1.26778,1.2616,1.26738,971,0.000158
2026-05-25 02:00:00,1.26738,1.27443,1.26656,1.26991,1462,0.000176
2026-05-25 06:00:00,1.26991,1.27562,1.2671,1.27227,1500,0.000187
2026-05-25 10:00:00,1.27227,1.27302,1.26791,1.27231,1370,0.00015
2026-05-25 14:00:00,1.27231,1.27897,1.27065,1.27503,1064,0.000186
2026-05-25 18:00:00,1.27503,1.28462,1.27196,1.28093,1111,0.000189
2026-05-25 22:00:00,1.28093,1.29437,1.27884,1.29012,1319,0.000189
2026-05-26 02:00:00,1.29012,1.29411,1.28634,1.2918,1463,0.000188
2026-05-26 06:00:00,1.2918,1.29297,1.28722,1.29041,1508,0.000167
2026-05-26 10:00:00,1.29041,1.29439,1.29041,1.29282,681,0.000182
2026-05-26 14:00:00,1.29282,1.29567,1.29224,1.29234,1109,0.000182
2026-05-26 18:00:00,1.29234,1.29595,1.28367,1.28573,937,0.000188
2026-05-26 22:00:00,1.28573,1.28824,1.28003,1.28124,1541,0.000191
2026-05-27 02:00:00,1.28124,1.2939,1.28042,1.28813,766,0.000175
2026-05-27 06:00:00,1.28813,1.29299,1.28413,1.29015,1161,0.000186
2026-05-27 10:00:00,1.29015,1.29828,1.28874,1.2954,1014,0.000192
2026-05-27 14:00:00,1.2954,1.29965,1.29207,1.29918,851,0.000176
2026-05-27 18:00:00,1.29918,1.30254,1.2986,1.3009,1016,0.000164
2026-05-27 22:00:00,1.3009,1.30588,1.29774,1.30311,1224,0.000186
2026-05-28 02:00:00,1.30311,1.30742,1.29752,1.29991,844,0.00016
2026-05-28 06:00:00,1.29991,1.30337,1.29527,1.29772,646,0.000154
2026-05-28 10:00:00,1.29772,1.29894,1.2904,1.29342,1195,0.000164
2026-05-28 14:00:00,1.29342,1.29789,1.27986,1.28312,921,0.000178
2026-05-28 18:00:00,1.28312,1.29064,1.27999,1.28895,1427,0.000167
2026-05-28 22:00:00,1.28895,1.29288,1.28666,1.29087,1061,0.000174
2026-05-29 02:00:00,1.29087,1.29716,1.28763,1.2933,980,0.000191
2026-05-29 06:00:00,1.2933,1.29477,1.28828,1.29171,1596,0.000169
2026-05-29 10:00:00,1.29171,1.29565,1.28765,1.29044,837,0.000171
2026-05-29 14:00:00,1.29044,1.29544,1.28888,1.29239,781,0.000162
2026-05-29 18:00:00,1.29239,1.30256,1.29118,1.29936,928,0.000168
2026-05-29 22:00:00,1.29936,1.30693,1.29766,1.30276,1313,0.000184
2026-05-30 02:00:00,1.30276,1.3059,1.29494,1.29737,1395,0.000168
2026-05-30 06:00:00,1.29737,1.30826,1.294,1.30607,1846,0.000166
2026-05-30 10:00:00,1.30607,1.31054,1.29855,1.30117,1685,0.000152
2026-05-30 14:00:00,1.30117,1.30221,1.29585,1.29865,1659,0.000184
2026-05-30 18:00:00,1.29865,1.31121,1.29619,1.30789,1095,0.000165
2026-05-30 22:00:00,1.30789,1.31254,1.30709,1.31054,1530,0.00017
2026-05-31 02:00:00,1.31054,1.31457,1.31003,1.31129,833,0.000194
2026-05-31 06:00:00,1.31129,1.31473,1.30213,1.30494,1468,0.000176
2026-05-31 10:00:00,1.30494,1.30722,1.29932,1.30246,1461,0.000168
2026-05-31 14:00:00,1.30246,1.30662,1.29991,1.30193,1526,0.000159
2026-05-31 18:00:00,1.30193,1.30686,1.29209,1.29598,1269,0.000189
2026-05-31 22:00:00,1.29598,1.29769,1.29433,1.29745,742,0.000185
2026-06-01 02:00:00,1.29745,1.29991,1.29587,1.29796,1422,0.000153
2026-06-01 06:00:00,1.29796,1.30566,1.29568,1.30312,1164,0.00017
2026-06-01 10:00:00,1.30312,1.31416,1.29792,1.31144,1484,0.000191
2026-06-01 14:00:00,1.31144,1.3156,1.3052,1.30891,1457,0.00015
2026-06-01 18:00:00,1.30891,1.31123,1.30786,1.3096,811,0.000165
2026-06-01 22:00:00,1.3096,1.3172,1.30837,1.31436,895,0.000152
2026-06-02 02:00:00,1.31436,1.31705,1.31077,1.31302,1125,0.000182
2026-06-02 06:00:00,1.31302,1.32367,1.31154,1.319,1354,0.000193
2026-06-02 10:00:00,1.319,1.3236,1.3136,1.31543,1643,0.000159
2026-06-02 14:00:00,1.31543,1.31742,1.31093,1.31368,1184,0.000156
2026-06-02 18:00:00,1.31368,1.31532,1.30858,1.31151,1058,0.000187
2026-06-02 22:00:00,1.31151,1.32553,1.31099,1.32219,1133,0.00018
2026-06-03 02:00:00,1.32219,1.33469,1.32145,1.32853,1455,0.000176
2026-06-03 06:00:00,1.32853,1.34186,1.32627,1.33951,1299,0.00016
2026-06-03 10:00:00,1.33951,1.35259,1.33468,1.35147,999,0.000179
2026-06-03 14:00:00,1.35147,1.35934,1.34884,1.35686,1597,0.000155
2026-06-03 18:00:00,1.35686,1.35811,1.35421,1.35767,1581,0.000163
2026-06-03 22:00:00,1.35767,1.36211,1.3508,1.35399,938,0.000185
2026-06-04 02:00:00,1.35399,1.35839,1.35152,1.35533,1745,0.000178
2026-06-04 06:00:00,1.35533,1.36208,1.35141,1.35816,1001,0.000166
2026-06-04 10:00:00,1.35816,1.36096,1.35488,1.35575,1031,0.000189
2026-06-04 14:00:00,1.35575,1.36166,1.35278,1.35856,1161,0.000154
2026-06-04 18:00:00,1.35856,1.3608,1.35614,1.35629,1240,0.000165
2026-06-04 22:00:00,1.35629,1.36559,1.35553,1.36314,1065,0.000195
2026-06-05 02:00:00,1.36314,1.36917,1.3589,1.36429,1495,0.00015
2026-06-05 06:00:00,1.36429,1.36469,1.3638,1.36417,1024,0.000191
2026-06-05 10:00:00,1.36417,1.36998,1.35911,1.36646,1216,0.000162
2026-06-05 14:00:00,1.36646,1.37189,1.36371,1.36723,1466,0.00016
2026-06-05 18:00:00,1.36723,1.37471,1.36519,1.37332,1568,0.000154
2026-06-05 22:00:00,1.37332,1.37457,1.37131,1.37261,988,0.00015
2026-06-06 02:00:00,1.37261,1.37848,1.36655,1.37628,885,0.000177
2026-06-06 06:00:00,1.37628,1.37997,1.3727,1.37828,1565,0.000176
2026-06-06 10:00:00,1.37828,1.38177,1.37408,1.37598,746,0.000184
2026-06-06 14:00:00,1.37598,1.38313,1.37458,1.38003,1630,0.000184
2026-06-06 18:00:00,1.38003,1.3891,1.37845,1.38575,1457,0.000163
2026-06-06 22:00:00,1.38575,1.38934,1.38246,1.38646,747,0.000176
2026-06-07 02:00:00,1.38646,1.38795,1.38515,1.38538,872,0.000179
2026-06-07 06:00:00,1.38538,1.39391,1.3848,1.39046,1629,0.000168
2026-06-07 10:00:00,1.39046,1.39581,1.38923,1.3941,828,0.000165
2026-06-07 14:00:00,1.3941,1.40292,1.39081,1.40155,1381,0.000183
2026-06-07 18:00:00,1.40155,1.40951,1.40122,1.40501,1372,0.000194
2026-06-07 22:00:00,1.40501,1.40604,1.40341,1.40432,572,0.000162
2026-06-08 02:00:00,1.40432,1.40762,1.40198,1.4046,916,0.000192
2026-06-08 06:00:00,1.4046,1.4066,1.39614,1.39888,1357,0.000168
2026-06-08 10:00:00,1.39888,1.40091,1.39715,1.40062,1251,0.000152
2026-06-08 14:00:00,1.40062,1.4071,1.39562,1.40472,1499,0.000174
2026-06-08 18:00:00,1.40472,1.4118,1.39952,1.40964,1225,0.00019
2026-06-08 22:00:00,1.40964,1.41125,1.40882,1.41016,1721,0.00017
2026-06-09 02:00:00,1.41016,1.41325,1.40885,1.4093,1506,0.000177
2026-06-09 06:00:00,1.4093,1.4122,1.40648,1.40876,1078,0.000159
2026-06-09 10:00:00,1.40876,1.41172,1.40429,1.41149,1106,0.000189
2026-06-09 14:00:00,1.41149,1.41649,1.40881,1.4155,1418,0.000192
2026-06-09 18:00:00,1.4155,1.42213,1.41131,1.41826,1209,0.000177
2026-06-09 22:00:00,1.41826,1.42279,1.413,1.41608,1434,0.000178
2026-06-10 02:00:00,1.41608,1.41771,1.41465,1.41579,1205,0.000179
2026-06-10 06:00:00,1.41579,1.42422,1.41472,1.42124,1117,0.000153
2026-06-10 10:00:00,1.42124,1.42311,1.41919,1.42239,1550,0.000193
2026-06-10 14:00:00,1.42239,1.42496,1.418,1.42003,1336,0.000178
2026-06-10 18:00:00,1.42003,1.43294,1.41781,1.42925,456,0.000159
2026-06-10 22:00:00,1.42925,1.43114,1.4239,1.42527,680,0.000185
2026-06-11 02:00:00,1.42527,1.42839,1.42288,1.42393,939,0.000192
2026-06-11 06:00:00,1.42393,1.42761,1.42071,1.42685,1564,0.000159
2026-06-11 10:00:00,1.42685,1.43079,1.41828,1.42054,1207,0.000183
2026-06-11 14:00:00,1.42054,1.42937,1.41582,1.42745,818,0.000161
2026-06-11 18:00:00,1.42745,1.43151,1.42589,1.42646,1878,0.000184
2026-06-11 22:00:00,1.42646,1.42959,1.41874,1.4238,1278,0.000181
2026-06-12 02:00:00,1.4238,1.4278,1.42318,1.42645,1536,0.000172
2026-06-12 06:00:00,1.42645,1.4274,1.42581,1.4273,838,0.000152
2026-06-12 10:00:00,1.4273,1.4402,1.42501,1.43731,1332,0.000189
2026-06-12 14:00:00,1.43731,1.43981,1.43341,1.43854,619,0.000176
2026-06-12 18:00:00,1.43854,1.45526,1.43292,1.44895,1228,0.000193
2026-06-12 22:00:00,1.44895,1.45195,1.44199,1.44369,1330,0.000161
2026-06-13 02:00:00,1.44369,1.44783,1.43782,1.4416,1388,0.000175
2026-06-13 06:00:00,1.4416,1.44524,1.43336,1.43622,1267,0.000154
2026-06-13 10:00:00,1.43622,1.44056,1.43457,1.43754,1344,0.000163
2026-06-13 14:00:00,1.43754,1.44975,1.43579,1.4461,1417,0.000191
2026-06-13 18:00:00,1.4461,1.45154,1.44373,1.44972,1360,0.000176
2026-06-13 22:00:00,1.44972,1.45436,1.44896,1.45147,1091,0.000165
2026-06-14 02:00:00,1.45147,1.45666,1.44877,1.45472,1076,0.000181
2026-06-14 06:00:00,1.45472,1.45847,1.45035,1.453,1624,0.000153
2026-06-14 10:00:00,1.453,1.4537,1.44491,1.44893,1100,0.000188
2026-06-14 14:00:00,1.44893,1.45898,1.44734,1.45757,766,0.000188
2026-06-14 18:00:00,1.45757,1.4594,1.45215,1.45509,1820,0.00018
2026-06-14 22:00:00,1.45509,1.45854,1.45239,1.45698,936,0.000188
2026-06-15 02:00:00,1.45698,1.46904,1.45556,1.46647,1201,0.000181
2026-06-15 06:00:00,1.46647,1.46847,1.46204,1.46205,901,0.000153
2026-06-15 10:00:00,1.46205,1.46916,1.45941,1.46572,972,0.000162
2026-06-15 14:00:00,1.46572,1.47359,1.46548,1.47237,1370,0.000181
2026-06-15 18:00:00,1.47237,1.48489,1.47192,1.48195,1550,0.000168
2026-06-15 22:00:00,1.48195,1.48706,1.47965,1.48532,1149,0.00017
2026-06-16 02:00:00,1.48532,1.49164,1.48311,1.48952,852,0.00018
2026-06-16 06:00:00,1.48952,1.49963,1.48616,1.49617,1359,0.000168
2026-06-16 10:00:00,1.49617,1.50476,1.49426,1.50425,740,0.000156
2026-06-16 14:00:00,1.50425,1.5101,1.50204,1.50629,1312,0.000182
2026-06-16 18:00:00,1.50629,1.51745,1.50341,1.51418,1596,0.000182
2026-06-16 22:00:00,1.51418,1.5235,1.51321,1.52329,1217,0.000163
2026-06-17 02:00:00,1.52329,1.53587,1.51912,1.53384,1295,0.000165
2026-06-17 06:00:00,1.53384,1.54714,1.53018,1.54514,1110,0.000171
2026-06-17 10:00:00,1.54514,1.54815,1.54204,1.54586,1679,0.000193
2026-06-17 14:00:00,1.54586,1.54883,1.53876,1.54164,1777,0.000179
2026-06-17 18:00:00,1.54164,1.54613,1.5403,1.54466,1314,0.000189
2026-06-17 22:00:00,1.54466,1.54571,1.54137,1.54233,1201,0.000187
2026-06-18 02:00:00,1.54233,1.54975,1.54151,1.54567,1356,0.000161
2026-06-18 06:00:00,1.54567,1.55393,1.54366,1.54977,1068,0.000182
2026-06-18 10:00:00,1.54977,1.55712,1.54428,1.55479,1800,0.000194
2026-06-18 14:00:00,1.55479,1.56236,1.55097,1.55902,1099,0.000187
2026-06-18 18:00:00,1.55902,1.55916,1.55662,1.55692,1073,0.000167
2026-06-18 22:00:00,1.55692,1.56392,1.55257,1.56306,994,0.000169
2026-06-19 02:00:00,1.56306,1.56345,1.56221,1.56293,1037,0.00017
2026-06-19 06:00:00,1.56293,1.57512,1.56186,1.57182,1956,0.000153
2026-06-19 10:00:00,1.57182,1.57483,1.57019,1.57266,998,0.000183
2026-06-19 14:00:00,1.57266,1.57531,1.5663,1.56819,1495,0.000156
2026-06-19 18:00:00,1.56819,1.57605,1.56633,1.57437,1242,0.000187
2026-06-19 22:00:00,1.57437,1.58897,1.57259,1.58547,754,0.000159
2026-06-20 02:00:00,1.58547,1.58767,1.57992,1.58352,828,0.000176
2026-06-20 06:00:00,1.58352,1.59157,1.58137,1.58539,1178,0.000175
2026-06-20 10:00:00,1.58539,1.58763,1.57906,1.58166,1774,0.000194
2026-06-20 14:00:00,1.58166,1.58653,1.57814,1.5853,953,0.000195
2026-06-20 18:00:00,1.5853,1.58626,1.58274,1.58424,853,0.00018
2026-06-20 22:00:00,1.58424,1.59595,1.57987,1.59298,1220,0.000181
2026-06-21 02:00:00,1.59298,1.59616,1.58926,1.5959,1776,0.000176
2026-06-21 06:00:00,1.5959,1.59726,1.58998,1.59088,1667,0.00017
2026-06-21 10:00:00,1.59088,1.60323,1.58739,1.59703,919,0.000174
2026-06-21 14:00:00,1.59703,1.60126,1.59258,1.59468,1341,0.000175
2026-06-21 18:00:00,1.59468,1.60282,1.59266,1.60016,1255,0.000167
2026-06-21 22:00:00,1.60016,1.61999,1.60006,1.61509,820,0.000188
2026-06-22 02:00:00,1.61509,1.62315,1.61266,1.61996,1660,0.000191
2026-06-22 06:00:00,1.61996,1.62233,1.61633,1.6184,1459,0.000192
2026-06-22 10:00:00,1.6184,1.62119,1.60912,1.61064,1289,0.000186
2026-06-22 14:00:00,1.61064,1.61409,1.60798,1.61199,1159,0.000181
2026-06-22 18:00:00,1.61199,1.61308,1.60493,1.6081,860,0.000173
2026-06-22 22:00:00,1.6081,1.61109,1.60567,1.60773,1343,0.000183
2026-06-23 02:00:00,1.60773,1.60937,1.60289,1.60826,1781,0.000174
2026-06-23 06:00:00,1.60826,1.60924,1.59486,1.59715,818,0.00018
2026-06-23 10:00:00,1.59715,1.60431,1.59694,1.60299,1164,0.000159
2026-06-23 14:00:00,1.60299,1.61281,1.60164,1.6093,1528,0.000179
2026-06-23 18:00:00,1.6093,1.61012,1.60684,1.60917,1321,0.00016
2026-06-23 22:00:00,1.60917,1.61588,1.60556,1.61479,1214,0.000163
2026-06-24 02:00:00,1.61479,1.61835,1.61294,1.61305,987,0.000182
2026-06-24 06:00:00,1.61305,1.61515,1.60878,1.61245,987,0.00016
2026-06-24 10:00:00,1.61245,1.6224,1.61028,1.62126,1296,0.000194
2026-06-24 14:00:00,1.62126,1.62498,1.61825,1.62366,1338,0.000153
2026-06-24 18:00:00,1.62366,1.63124,1.62131,1.6308,1245,0.000183
2026-06-24 22:00:00,1.6308,1.63206,1.62753,1.62961,1614,0.000168
2026-06-25 02:00:00,1.62961,1.63049,1.62751,1.63037,1385,0.000161
2026-06-25 06:00:00,1.63037,1.63887,1.62814,1.63693,1150,0.000183
2026-06-25 10:00:00,1.63693,1.64159,1.63473,1.63973,1384,0.000194
2026-06-25 14:00:00,1.63973,1.6435,1.63109,1.63384,1253,0.000177
2026-06-25 18:00:00,1.63384,1.6362,1.63168,1.63386,648,0.000165
2026-06-25 22:00:00,1.63386,1.64583,1.63336,1.641,1265,0.000179
2026-06-26 02:00:00,1.641,1.65346,1.63807,1.65122,1211,0.000166
2026-06-26 06:00:00,1.65122,1.65304,1.64207,1.64528,1356,0.000176
2026-06-26 10:00:00,1.64528,1.65487,1.64298,1.65257,1168,0.000164
2026-06-26 14:00:00,1.65257,1.6567,1.64413,1.64986,1026,0.000161
2026-06-26 18:00:00,1.64986,1.65255,1.63933,1.64243,1138,0.000173
2026-06-26 22:00:00,1.64243,1.64638,1.6398,1.64369,1690,0.000174
2026-06-27 02:00:00,1.64369,1.65007,1.6387,1.64714,1514,0.000154
2026-06-27 06:00:00,1.64714,1.6589,1.64451,1.65328,985,0.000168
2026-06-27 10:00:00,1.65328,1.65776,1.65131,1.65179,989,0.000151
2026-06-27 14:00:00,1.65179,1.6539,1.63808,1.64363,929,0.000159
2026-06-27 18:00:00,1.64363,1.65054,1.64245,1.64941,1146,0.000194
2026-06-27 22:00:00,1.64941,1.65447,1.64896,1.65275,921,0.000192
2026-06-28 02:00:00,1.65275,1.66396,1.65187,1.65787,1362,0.000154
2026-06-28 06:00:00,1.65787,1.66103,1.64569,1.64611,1143,0.000161
2026-06-28 10:00:00,1.64611,1.64874,1.64503,1.6462,1683,0.000155
2026-06-28 14:00:00,1.6462,1.65527,1.64418,1.65157,1133,0.000171
2026-06-28 18:00:00,1.65157,1.65361,1.64596,1.64749,1725,0.000154
2026-06-28 22:00:00,1.64749,1.64807,1.64229,1.64369,1628,0.000165
2026-06-29 02:00:00,1.64369,1.65158,1.64038,1.65014,1353,0.000188
2026-06-29 06:00:00,1.65014,1.65484,1.64959,1.65284,1123,0.000185
2026-06-29 10:00:00,1.65284,1.65761,1.64164,1.64604,706,0.000157
2026-06-29 14:00:00,1.64604,1.64929,1.64504,1.6471,1373,0.000191
2026-06-29 18:00:00,1.6471,1.64742,1.64196,1.644,1007,0.000155
2026-06-29 22:00:00,1.644,1.6551,1.64286,1.65187,1248,0.000173
2026-06-30 02:00:00,1.65187,1.65441,1.64491,1.64993,1119,0.000182
2026-06-30 06:00:00,1.64993,1.65167,1.64748,1.65077,876,0.000172
2026-06-30 10:00:00,1.65077,1.65627,1.64935,1.65368,1304,0.000171
2026-06-30 14:00:00,1.65368,1.65552,1.6452,1.64835,1464,0.000177
2026-06-30 18:00:00,1.64835,1.66199,1.64496,1.66199,1106,0.000171
2026-06-30 22:00:00,1.66199,1.66692,1.65856,1.66436,1401,0.00016
2026-07-01 02:00:00,1.66436,1.6644,1.65968,1.66197,1333,0.000189
2026-07-01 06:00:00,1.66197,1.67149,1.6614,1.66847,1934,0.000159
2026-07-01 10:00:00,1.66847,1.6716,1.6614,1.6646,1093,0.00016
2026-07-01 14:00:00,1.6646,1.67147,1.66003,1.66988,1478,0.000165
2026-07-01 18:00:00,1.66988,1.6731,1.65938,1.66059,985,0.000172
2026-07-01 22:00:00,1.66059,1.66503,1.65685,1.66462,808,0.000166
2026-07-02 02:00:00,1.66462,1.66602,1.65879,1.66068,1202,0.000192
2026-07-02 06:00:00,1.66068,1.6631,1.65741,1.66306,734,0.00015
2026-07-02 10:00:00,1.66306,1.66493,1.65555,1.65713,958,0.000179
2026-07-02 14:00:00,1.65713,1.67347,1.65589,1.67166,1566,0.000165
2026-07-02 18:00:00,1.67166,1.67814,1.66924,1.67604,1729,0.000192
2026-07-02 22:00:00,1.67604,1.68033,1.65931,1.66368,1357,0.000184
2026-07-03 02:00:00,1.66368,1.66687,1.66179,1.66236,1193,0.000185
2026-07-03 06:00:00,1.66236,1.67026,1.66064,1.66672,930,0.000154
2026-07-03 10:00:00,1.66672,1.66686,1.66469,1.6656,1245,0.000164
2026-07-03 14:00:00,1.6656,1.67483,1.66476,1.67482,752,0.000178
2026-07-03 18:00:00,1.67482,1.68055,1.67272,1.68052,1615,0.000182
2026-07-03 22:00:00,1.68052,1.6919,1.67966,1.68828,834,0.000152
2026-07-04 02:00:00,1.68828,1.69643,1.68665,1.69415,1201,0.000189
2026-07-04 06:00:00,1.69415,1.70363,1.69242,1.69953,1437,0.000163
2026-07-04 10:00:00,1.69953,1.70696,1.69765,1.70336,1012,0.000174
2026-07-04 14:00:00,1.70336,1.7082,1.69404,1.69725,1134,0.000151
2026-07-04 18:00:00,1.69725,1.70244,1.69322,1.69963,1252,0.000175
2026-07-04 22:00:00,1.69963,1.7034,1.69107,1.69553,1278,0.000192
2026-07-05 02:00:00,1.69553,1.70197,1.6924,1.7003,974,0.000185
2026-07-05 06:00:00,1.7003,1.70447,1.69612,1.70193,1198,0.000188
2026-07-05 10:00:00,1.70193,1.70256,1.69278,1.69528,967,0.00019
2026-07-05 14:00:00,1.69528,1.70067,1.69194,1.69803,1538,0.000167
2026-07-05 18:00:00,1.69803,1.70245,1.69408,1.69928,1182,0.000173
2026-07-05 22:00:00,1.69928,1.70887,1.6974,1.70727,1079,0.000188
2026-07-06 02:00:00,1.70727,1.71522,1.70477,1.71127,1644,0.000183
2026-07-06 06:00:00,1.71127,1.72082,1.7099,1.71923,1218,0.000185
2026-07-06 10:00:00,1.71923,1.7202,1.71074,1.71214,1198,0.000174
2026-07-06 14:00:00,1.71214,1.7237,1.71055,1.72164,1049,0.000176
2026-07-06 18:00:00,1.72164,1.73149,1.71644,1.72619,1420,0.000164
2026-07-06 22:00:00,1.72619,1.73455,1.72419,1.73253,777,0.000187
2026-07-07 02:00:00,1.73253,1.74068,1.73027,1.73809,515,0.000159
2026-07-07 06:00:00,1.73809,1.73993,1.73327,1.73673,1412,0.000152
2026-07-07 10:00:00,1.73673,1.75237,1.7355,1.74761,1071,0.000164
2026-07-07 14:00:00,1.74761,1.75023,1.7439,1.74636,1292,0.000177
2026-07-07 18:00:00,1.74636,1.74829,1.74443,1.74615,1004,0.000181
2026-07-07 22:00:00,1.74615,1.75528,1.7447,1.75199,619,0.000171
2026-07-08 02:00:00,1.75199,1.75626,1.74971,1.75214,1105,0.000166
2026-07-08 06:00:00,1.75214,1.75404,1.74929,1.74961,927,0.000189
2026-07-08 10:00:00,1.74961,1.75285,1.74306,1.74705,1695,0.000171
2026-07-08 14:00:00,1.74705,1.75193,1.73992,1.74318,1867,0.000166
2026-07-08 18:00:00,1.74318,1.74884,1.74022,1.74631,1129,0.000163
2026-07-08 22:00:00,1.74631,1.75561,1.74464,1.7529,1346,0.000181
2026-07-09 02:00:00,1.7529,1.76224,1.75148,1.76131,1328,0.000176
2026-07-09 06:00:00,1.76131,1.76263,1.75808,1.75813,940,0.000174
2026-07-09 10:00:00,1.75813,1.76606,1.75398,1.76253,1510,0.000163
2026-07-09 14:00:00,1.76253,1.77432,1.75982,1.77339,1049,0.00017
2026-07-09 18:00:00,1.77339,1.77554,1.77117,1.77449,1524,0.000182
2026-07-09 22:00:00,1.77449,1.77859,1.77143,1.77702,1192,0.000151
2026-07-10 02:00:00,1.77702,1.77885,1.77265,1.77587,927,0.000169
2026-07-10 06:00:00,1.77587,1.7835,1.77436,1.77959,1169,0.000194
2026-07-10 10:00:00,1.77959,1.78181,1.77376,1.77632,1133,0.000177
2026-07-10 14:00:00,1.77632,1.79224,1.77619,1.79007,857,0.00019
2026-07-10 18:00:00,1.79007,1.79735,1.78845,1.7944,1264,0.000162
2026-07-10 22:00:00,1.7944,1.8002,1.79245,1.79867,1046,0.00017
2026-07-11 02:00:00,1.79867,1.80332,1.79691,1.80258,1238,0.000191
2026-07-11 06:00:00,1.80258,1.80568,1.79701,1.79863,1242,0.000191
2026-07-11 10:00:00,1.79863,1.80382,1.79393,1.80181,1431,0.000169
2026-07-11 14:00:00,1.80181,1.80832,1.79985,1.806,1137,0.000178
2026-07-11 18:00:00,1.806,1.80879,1.80423,1.8073,728,0.000168
2026-07-11 22:00:00,1.8073,1.81776,1.80622,1.81326,1245,0.00017
2026-07-12 02:00:00,1.81326,1.81571,1.80423,1.80692,1200,0.000157
2026-07-12 06:00:00,1.80692,1.8138,1.80367,1.81163,1152,0.000175
2026-07-12 10:00:00,1.81163,1.82064,1.80695,1.8172,1003,0.00017
2026-07-12 14:00:00,1.8172,1.83092,1.81622,1.82777,1558,0.00019
2026-07-12 18:00:00,1.82777,1.8312,1.82664,1.82965,1055,0.000195
2026-07-12 22:00:00,1.82965,1.83422,1.82488,1.82598,552,0.00018
2026-07-13 02:00:00,1.82598,1.82859,1.82108,1.82251,1187,0.00016
2026-07-13 06:00:00,1.82251,1.83091,1.81848,1.83064,1213,0.000161
2026-07-13 10:00:00,1.83064,1.83915,1.8277,1.83722,1024,0.000151
2026-07-13 14:00:00,1.83722,1.83764,1.83379,1.83477,721,0.000153
2026-07-13 18:00:00,1.83477,1.83906,1.83145,1.83694,1503,0.000183
2026-07-13 22:00:00,1.83694,1.84006,1.83015,1.83359,1124,0.000194
2026-07-14 02:00:00,1.83359,1.84236,1.83327,1.83837,1653,0.000188
2026-07-14 06:00:00,1.83837,1.84521,1.83741,1.83962,1331,0.000188
2026-07-14 10:00:00,1.83962,1.8537,1.83729,1.85032,1305,0.000175
2026-07-14 14:00:00,1.85032,1.85483,1.85006,1.85271,1226,0.000164
2026-07-14 18:00:00,1.85271,1.86481,1.85047,1.86328,1544,0.000187
2026-07-14 22:00:00,1.86328,1.87832,1.8586,1.87729,1228,0.000157
2026-07-15 02:00:00,1.87729,1.88387,1.87374,1.88068,627,0.000175
2026-07-15 06:00:00,1.88068,1.88366,1.87859,1.88087,1289,0.000165
2026-07-15 10:00:00,1.88087,1.88354,1.87252,1.87686,996,0.000188
2026-07-15 14:00:00,1.87686,1.88003,1.86866,1.86983,1480,0.000155
2026-07-15 18:00:00,1.86983,1.87196,1.86705,1.87096,1559,0.000192
2026-07-15 22:00:00,1.87096,1.87217,1.86394,1.86593,1287,0.000194
2026-07-16 02:00:00,1.86593,1.87119,1.8568,1.85898,1111,0.00016
2026-07-16 06:00:00,1.85898,1.86338,1.85599,1.86337,1273,0.000153
2026-07-16 10:00:00,1.86337,1.87006,1.86026,1.86736,1289,0.000166
2026-07-16 14:00:00,1.86736,1.87682,1.86662,1.87231,863,0.000188
2026-07-16 18:00:00,1.87231,1.87641,1.86132,1.86605,1335,0.000188
2026-07-16 22:00:00,1.86605,1.86846,1.86206,1.86804,1528,0.000162
2026-07-17 02:00:00,1.86804,1.87012,1.86099,1.86232,1317,0.000176
2026-07-17 06:00:00,1.86232,1.86456,1.85941,1.86389,1400,0.000162
2026-07-17 10:00:00,1.86389,1.86685,1.86059,1.86564,1705,0.000188
2026-07-17 14:00:00,1.86564,1.87077,1.86312,1.86981,1663,0.000187
2026-07-17 18:00:00,1.86981,1.87631,1.86756,1.87486,1212,0.000189
2026-07-17 22:00:00,1.87486,1.88005,1.87199,1.8792,1246,0.00017
2026-07-18 02:00:00,1.8792,1.88107,1.87392,1.87593,1160,0.000181
2026-07-18 06:00:00,1.87593,1.8827,1.8727,1.87375,969,0.00016
2026-07-18 10:00:00,1.87375,1.88234,1.87233,1.87771,994,0.000166
2026-07-18 14:00:00,1.87771,1.89088,1.87548,1.88703,1126,0.000173
2026-07-18 18:00:00,1.88703,1.89212,1.88442,1.88937,1336,0.000168
2026-07-18 22:00:00,1.88937,1.89224,1.88927,1.89093,849,0.000173
2026-07-19 02:00:00,1.89093,1.8999,1.88598,1.89683,1155,0.000194
2026-07-19 06:00:00,1.89683,1.90032,1.89326,1.89756,1205,0.000166
2026-07-19 10:00:00,1.89756,1.90479,1.89699,1.90416,1192,0.000161
2026-07-19 14:00:00,1.90416,1.90475,1.89851,1.90186,1275,0.000164
2026-07-19 18:00:00,1.90186,1.90689,1.89947,1.90296,1424,0.000189
2026-07-19 22:00:00,1.90296,1.9079,1.89978,1.90564,1403,0.000184
2026-07-20 02:00:00,1.90564,1.90863,1.89834,1.89921,870,0.000187
2026-07-20 06:00:00,1.89921,1.90672,1.89452,1.90383,1101,0.000179
2026-07-20 10:00:00,1.90383,1.90793,1.90369,1.90392,759,0.000157
2026-07-20 14:00:00,1.90392,1.90543,1.90124,1.90336,928,0.000171
2026-07-20 18:00:00,1.90336,1.91192,1.90178,1.91118,1223,0.000176
2026-07-20 22:00:00,1.91118,1.92302,1.91045,1.91785,721,0.000164
2026-07-21 02:00:00,1.91785,1.91912,1.91544,1.91795,1447,0.000182
2026-07-21 06:00:00,1.91795,1.92165,1.91685,1.91893,1089,0.000172
2026-07-21 10:00:00,1.91893,1.92088,1.90344,1.9074,1443,0.000195
2026-07-21 14:00:00,1.9074,1.91046,1.90619,1.90857,948,0.000188
2026-07-21 18:00:00,1.90857,1.91123,1.90488,1.90628,788,0.000172
2026-07-21 22:00:00,1.90628,1.90941,1.90375,1.90672,1035,0.000175
2026-07-22 02:00:00,1.90672,1.90857,1.90559,1.90622,1031,0.000151
2026-07-22 06:00:00,1.90622,1.91445,1.90508,1.91214,1349,0.000175
2026-07-22 10:00:00,1.91214,1.92282,1.91208,1.91981,828,0.000155
2026-07-22 14:00:00,1.91981,1.92788,1.91611,1.92614,1445,0.000166
2026-07-22 18:00:00,1.92614,1.93259,1.92499,1.93105,1045,0.000158
2026-07-22 22:00:00,1.93105,1.94002,1.92627,1.93714,1388,0.000174
2026-07-23 02:00:00,1.93714,1.94013,1.93445,1.93808,1784,0.000165
2026-07-23 06:00:00,1.93808,1.94102,1.93229,1.93711,479,0.00017
2026-07-23 10:00:00,1.93711,1.94134,1.92462,1.93087,1652,0.000163
2026-07-23 14:00:00,1.93087,1.9377,1.92988,1.9334,1264,0.000189
2026-07-23 18:00:00,1.9334,1.94817,1.93254,1.94573,1345,0.000159
2026-07-23 22:00:00,1.94573,1.94611,1.9406,1.94276,1498,0.000162
2026-07-24 02:00:00,1.94276,1.95118,1.93902,1.94943,1287,0.000185
2026-07-24 06:00:00,1.94943,1.95053,1.9456,1.9464,1317,0.00018
2026-07-24 10:00:00,1.9464,1.9507,1.93065,1.93434,762,0.000195
2026-07-24 14:00:00,1.93434,1.93577,1.92903,1.93256,1263,0.000189
2026-07-24 18:00:00,1.93256,1.93738,1.9301,1.93464,1138,0.00019
2026-07-24 22:00:00,1.93464,1.93662,1.92974,1.93458,1040,0.000187
2026-07-25 02:00:00,1.93458,1.93978,1.93203,1.93759,974,0.000179
2026-07-25 06:00:00,1.93759,1.94267,1.93272,1.93983,865,0.000152
2026-07-25 10:00:00,1.93983,1.94424,1.93936,1.9416,924,0.000177
2026-07-25 14:00:00,1.9416,1.94571,1.93268,1.93538,1284,0.000177
2026-07-25 18:00:00,1.93538,1.94129,1.93341,1.9378,1560,0.000176
2026-07-25 22:00:00,1.9378,1.93959,1.92777,1.93012,896,0.000161
2026-07-26 02:00:00,1.93012,1.9313,1.9282,1.93098,1106,0.000176
2026-07-26 06:00:00,1.93098,1.93458,1.92976,1.93241,1671,0.000169
2026-07-26 10:00:00,1.93241,1.93705,1.92819,1.93403,1206,0.000151
2026-07-26 14:00:00,1.93403,1.93607,1.93043,1.93314,940,0.000189
2026-07-26 18:00:00,1.93314,1.9362,1.92068,1.92096,1344,0.000168
2026-07-26 22:00:00,1.92096,1.9223,1.92093,1.92148,1912,0.000181
2026-07-27 02:00:00,1.92148,1.92444,1.91857,1.92321,1080,0.000183
2026-07-27 06:00:00,1.92321,1.9233,1.91957,1.92228,1346,0.000179
2026-07-27 10:00:00,1.92228,1.92529,1.91813,1.92168,1307,0.000152
2026-07-27 14:00:00,1.92168,1.92843,1.91977,1.92461,1627,0.000188
2026-07-27 18:00:00,1.92461,1.92643,1.91981,1.92354,1031,0.000168
2026-07-27 22:00:00,1.92354,1.93079,1.91975,1.92656,605,0.000183
2026-07-28 02:00:00,1.92656,1.92847,1.9142,1.91628,925,0.000167
2026-07-28 06:00:00,1.91628,1.92248,1.9138,1.91764,1477,0.000168
2026-07-28 10:00:00,1.91764,1.92012,1.9147,1.91934,1017,0.00015
2026-07-28 14:00:00,1.91934,1.92254,1.91591,1.92218,1092,0.000154
2026-07-28 18:00:00,1.92218,1.92284,1.9132,1.9163,1062,0.000169
2026-07-28 22:00:00,1.9163,1.91981,1.90868,1.91165,1059,0.000179
2026-07-29 02:00:00,1.91165,1.91352,1.90968,1.91187,1389,0.000175
2026-07-29 06:00:00,1.91187,1.91459,1.90921,1.91041,1245,0.000173
2026-07-29 10:00:00,1.91041,1.91421,1.90562,1.912,1460,0.000185
2026-07-29 14:00:00,1.912,1.93145,1.91078,1.92915,1336,0.000192
2026-07-29 18:00:00,1.92915,1.93462,1.91844,1.92192,1449,0.00018
2026-07-29 22:00:00,1.92192,1.9242,1.92004,1.92299,1265,0.000153
2026-07-30 02:00:00,1.92299,1.92557,1.91841,1.92223,1590,0.00018
2026-07-30 06:00:00,1.92223,1.92736,1.92069,1.92528,1157,0.000173
2026-07-30 10:00:00,1.92528,1.92824,1.92179,1.9224,1329,0.000168
2026-07-30 14:00:00,1.9224,1.92865,1.92207,1.92689,882,0.000171
2026-07-30 18:00:00,1.92689,1.93897,1.9244,1.93567,1296,0.000174
2026-07-30 22:00:00,1.93567,1.93652,1.92463,1.92654,1118,0.000165
